row;column;CdSO4-fit;CdS-fit;SC1_sampleB_S_energy_2511_eV.tif_C1_sampleB.TIFF_Array_57
0;0;0;0;1017.83
0;1;0;0;1069.47
0;2;0;0;1077.84
0;3;0;0;1151.07
0;4;0;0;1200.91
0;5;0;0;1304.19
0;6;0;0;1497.27
0;7;0;0;1726.66
0;8;0;0;1926.75
0;9;0;0;1988.91
0;10;0;0;2226.19
0;11;0;0;2033.48
0;12;0;0;2303.07
0;13;0;0;2770.46
0;14;0;0;3015.71
0;15;0;0;4067.49
0;16;0.0390727;0.960927;5818.69
0;17;0.0186103;0.98139;5871.65
0;18;0;1;8631.48
0;19;0;1;11133.2
0;20;0;1;12125.3
0;21;0;1;11768.8
0;22;0;1;11002.5
0;23;0;1;11983.4
0;24;0;1;12115.2
0;25;0;1;13299.3
0;26;0;1;12465.2
0;27;0;1;11141.4
0;28;0;1;11381.6
0;29;0;1;11762.4
0;30;0;1;13455.7
0;31;0;1;14792.3
0;32;0;1;15426.5
0;33;0;1;16846
0;34;0;1;16487
0;35;0;1;15191.5
0;36;0.0204415;0.979559;16099.4
0;37;0;1;15890.6
0;38;0;1;16317.8
0;39;0.0210869;0.978913;15767.2
0;40;0;1;14973.1
0;41;0.0157586;0.984241;13394.8
0;42;0;1;13530.4
0;43;0;1;12890.4
0;44;0;1;14028.4
0;45;0;1;14177.3
0;46;0;1;14522.3
0;47;0.00044197;0.999558;13873.6
0;48;0;1;14553.6
0;49;0.0194221;0.980578;14921.9
0;50;0;1;14672.2
0;51;0;1;13588.8
0;52;0;1;12836.9
0;53;0;1;12612.7
0;54;0;1;11233.4
0;55;0;1;12290.3
0;56;0;1;13726.5
0;57;0;1;13831.1
0;58;0;1;13148.5
0;59;0;1;13032.1
0;60;5.55E-17;1;12234.5
0;61;0;1;12608
0;62;0.0126036;0.987396;13390.2
0;63;0;1;14097.8
0;64;0;1;14430.2
0;65;0;1;13934.1
0;66;0.0393983;0.960602;14348.7
0;67;0;1;14189.5
0;68;0;1;14339
0;69;0;1;15469.6
0;70;0;1;14841
0;71;0;1;14439.5
0;72;0;1;14427.4
0;73;0;1;12924.1
0;74;0;1;12457.3
0;75;0;1;13730.5
0;76;0.041894;0.958106;14945.7
0;77;0;1;15679.9
0;78;0;1;16290.9
0;79;0;1;15726.8
0;80;0;1;13778.9
0;81;0;1;13508.6
0;82;0;1;13798.6
0;83;0;1;14247.4
0;84;0;1;13892.8
0;85;0;1;12758.7
0;86;0;1;11502.1
0;87;0;1;11778.6
0;88;0;1;11631.9
0;89;0;1;11609.3
0;90;0;1;11122.7
0;91;0;1;11578.4
0;92;0;1;12361.2
0;93;0.0430799;0.95692;12759.6
0;94;0;1;14256.5
0;95;0;1;14791.1
0;96;0;1;15127
0;97;0;1;15294
0;98;0;1;12971.1
0;99;0;1;11146.9
0;100;0;1;11220.9
0;101;0;1;11915.1
0;102;0.00329765;0.996702;12365.8
0;103;0;1;13727.8
0;104;0;1;14447.7
0;105;0;1;15069.6
0;106;0;1;13130
0;107;0;1;11804.6
0;108;0;1;11701.1
0;109;0;1;13548.9
0;110;0.00836689;0.991633;15475.1
0;111;0;1;16779.6
0;112;0;1;16790.2
0;113;0;1;15236
0;114;0;1;14707.2
0;115;0;1;15303.5
0;116;0;1;16413.2
0;117;0;1;15867.8
0;118;0;1;16527.4
0;119;0;1;16133.1
0;120;0;1;16307.2
0;121;0;1;15622.4
0;122;0;1;14156.9
0;123;0;1;14580.7
0;124;0.0142484;0.985752;15388
0;125;0.0148692;0.985131;15475
0;126;0.0420479;0.957952;12882.2
0;127;0.0418107;0.958189;12517.8
0;128;0;1;14061.7
0;129;0;1;13796.9
0;130;0;1;13228.1
0;131;0;1;13238
0;132;0;1;13770.4
0;133;0;1;13434.8
0;134;0;1;13411.4
0;135;0;1;14326.7
0;136;0.0138982;0.986102;15174.7
0;137;0.0253363;0.974664;14975.4
0;138;0.0198089;0.980191;14530.4
0;139;0.0138532;0.986147;14095.4
0;140;0;1;13095.5
0;141;0;1;13212.7
0;142;0;1;14626
0;143;5.55E-17;1;14642.4
0;144;0.0441705;0.955829;14713.5
0;145;0;1;14889.5
0;146;0;1;14877.2
0;147;0;1;15644.8
0;148;0;1;15325.6
0;149;0;1;12554.3
0;150;0;1;9285.92
0;151;0;1;9749.61
0;152;0;1;11599.2
0;153;0;1;12350.3
0;154;0;1;12600.1
0;155;0;1;12256.7
0;156;0;1;11966.7
0;157;0;1;11073.8
0;158;0;1;10869.8
0;159;5.55E-17;1;13303.7
0;160;0;1;15878.4
0;161;0;1;16066.7
0;162;0;1;14808.3
0;163;0;1;13206.7
0;164;0;1;13048.2
0;165;0;1;12484.2
0;166;0;1;11919.5
0;167;0;1;11646
0;168;0;1;11301.8
0;169;0;1;11498
0;170;0;1;11612.7
0;171;0;1;12623.6
0;172;0.00197453;0.998025;12478.8
0;173;0;1;12422.2
0;174;0.0350478;0.964952;12022.2
0;175;5.55E-17;1;11868.1
0;176;0;1;12545.4
0;177;0.0568872;0.943113;11918.6
0;178;0;1;12395.5
0;179;0;1;11723.7
0;180;0;1;11592.8
0;181;0.00658329;0.993417;11261.3
0;182;0.0428924;0.957108;11784
0;183;0.0558221;0.944178;11943.2
0;184;0;1;11298.2
0;185;0;1;11375.6
0;186;0;1;11456.9
0;187;0;1;12049.9
0;188;0;1;14035.4
0;189;0;1;14617.8
0;190;0;1;13706.9
0;191;0;1;13936.5
0;192;0;1;14271.6
0;193;0;1;15255
0;194;0;1;15340
0;195;0.0313376;0.968662;14847.5
0;196;0.0296385;0.970361;14816
0;197;0;1;14288.9
0;198;0;1;13275.5
0;199;0;1;11555.3
0;200;0;1;10649.9
0;201;0.0381997;0.9618;11410.8
0;202;0;1;11826.9
0;203;0;1;12166.8
0;204;0;1;13428.6
0;205;0;1;13098.8
0;206;0;1;13241.7
0;207;0;1;14514.1
0;208;0;1;15102.8
0;209;0;1;13842.2
0;210;0.0363123;0.963688;12527.8
0;211;0;1;13009
0;212;0;1;14419.8
0;213;0.0342201;0.96578;15045.8
0;214;0;1;15887.9
0;215;0;1;15497.9
0;216;5.55E-17;1;14404.8
0;217;0;1;13232.4
0;218;0;1;14171.4
0;219;0;1;14918.8
0;220;0;1;15352.9
0;221;0;1;15357.2
0;222;0.0232185;0.976781;15439.3
0;223;0;1;14135.1
0;224;0;1;13088.8
0;225;0;1;14399.3
0;226;0;1;14164.2
0;227;0.00245831;0.997542;14436.4
0;228;0.0253473;0.974653;15009.3
0;229;0;1;13900
0;230;0;1;13113.8
0;231;0.0047126;0.995287;11892.6
0;232;0.0163919;0.983608;11913.8
0;233;0.0123752;0.987625;12318.6
0;234;5.55E-17;1;12360.7
0;235;0;1;12594.7
0;236;0;1;12448.5
0;237;0;1;12691.8
0;238;0;1;12940.7
0;239;0;1;12210.7
0;240;0;1;13239.5
0;241;0;1;14711.7
0;242;0;1;14358.3
0;243;0;1;13076.7
0;244;0;1;12097.8
0;245;0.034222;0.965778;12155.8
0;246;0.021804;0.978196;12559.1
0;247;0.0443701;0.95563;13081.9
0;248;0;1;11398.3
0;249;0;1;11694
0;250;0;1;12876.5
0;251;0;1;12717.2
0;252;0;1;12679.5
0;253;0;1;12656.7
0;254;0;1;12253
0;255;0;1;10973.8
0;256;0;1;11181.7
0;257;0;1;11202
0;258;0;1;11368.7
0;259;0;1;12564.9
0;260;0;1;13161.8
0;261;0;1;13997.3
0;262;0;1;13674.4
0;263;0;1;12979.1
0;264;0;1;13142.1
0;265;0;1;13322.7
0;266;0;1;12769.6
0;267;5.55E-17;1;12959.6
0;268;0;1;12940.5
0;269;0;1;12802.1
0;270;0;1;11346.4
0;271;0;1;9436.42
0;272;0.00965414;0.990346;10720.2
0;273;0;1;10644.4
0;274;0;1;10373.5
0;275;0;1;10692.6
0;276;0;1;10546.9
0;277;0;1;10973.2
0;278;0;1;11530.9
0;279;0.0213668;0.978633;13431.4
0;280;0;1;14373.3
0;281;0.0478223;0.952178;13783
0;282;0.0353025;0.964697;12785
0;283;0.0477859;0.952214;12207.8
1;0;0;0;1396.21
1;1;0;0;1542.73
1;2;0;0;1642.46
1;3;0;0;1677.97
1;4;0;0;2711.98
1;5;0;1;5782.14
1;6;0;1;8726.35
1;7;0;1;10039.8
1;8;0;1;10697.7
1;9;5.55E-17;1;10663.7
1;10;0;1;10743.7
1;11;0;1;11510.8
1;12;0;1;11149.2
1;13;0;1;9541.06
1;14;0;1;7416.12
1;15;0;1;7783.76
1;16;0;1;8176.29
1;17;0;1;9355.11
1;18;0;1;12738.8
1;19;0;1;15139.2
1;20;0.0279501;0.97205;16273.4
1;21;0.0348951;0.965105;15830.5
1;22;0;1;14948.9
1;23;0;1;15058.4
1;24;0;1;14701.8
1;25;0;1;14436.6
1;26;0;1;12502.3
1;27;0;1;10291.6
1;28;0;1;9787.8
1;29;0;1;10988.9
1;30;0;1;13113.3
1;31;0;1;15421.8
1;32;0;1;15119.8
1;33;0.014297;0.985703;15074.7
1;34;0;1;16027.8
1;35;0.0109793;0.989021;16938.2
1;36;0;1;17317.6
1;37;0;1;16276.4
1;38;0;1;15653.6
1;39;0;1;14621.3
1;40;0;1;14880.5
1;41;0;1;13291.7
1;42;0;1;13339.1
1;43;0;1;12611.8
1;44;0;1;13591.6
1;45;0;1;14323.1
1;46;0;1;14065.4
1;47;0;1;13882.4
1;48;0;1;14188.3
1;49;0;1;13947.7
1;50;0;1;13124.8
1;51;0.0420779;0.957922;13078.9
1;52;0;1;14863.1
1;53;0;1;16210.6
1;54;0;1;14121.4
1;55;5.55E-17;1;14667.2
1;56;0.0289916;0.971008;15674.5
1;57;0;1;16405.2
1;58;0.0595392;0.940461;16173.6
1;59;0;1;16552.2
1;60;0.0328796;0.96712;15976.5
1;61;0;1;15755.2
1;62;0;1;14475.5
1;63;0;1;13865.1
1;64;0.0359159;0.964084;13525.8
1;65;0;1;14068.1
1;66;0;1;15406
1;67;0;1;15910.6
1;68;0;1;16574.7
1;69;0;1;16115.8
1;70;0;1;15264.5
1;71;0;1;14570.2
1;72;0;1;14046.8
1;73;0;1;13331.1
1;74;0;1;13360.4
1;75;0;1;12926.3
1;76;0;1;12670.1
1;77;0;1;13500.8
1;78;0;1;13898.8
1;79;0;1;14002
1;80;0;1;12886.1
1;81;0;1;11897.6
1;82;0;1;13127.2
1;83;0;1;13865
1;84;0.0351234;0.964877;14224.8
1;85;5.55E-17;1;13381.5
1;86;5.55E-17;1;13840.2
1;87;0;1;13784.2
1;88;0;1;13837.1
1;89;0;1;13029.1
1;90;0;1;12884
1;91;0;1;13985.7
1;92;0;1;13651.7
1;93;5.55E-17;1;13706.3
1;94;0;1;14470.5
1;95;0;1;14441.6
1;96;0;1;15163.5
1;97;0;1;15480.1
1;98;0;1;15057.2
1;99;0;1;12684
1;100;0;1;13580.3
1;101;5.55E-17;1;14103.9
1;102;0;1;13403.9
1;103;0;1;12083.1
1;104;0;1;12802.6
1;105;0;1;12952.4
1;106;0;1;12400.4
1;107;0;1;11934
1;108;0.0553583;0.944642;10448.7
1;109;0;1;10180.5
1;110;0;1;11146.2
1;111;0;1;12542.7
1;112;0;1;12612.4
1;113;0;1;12290.3
1;114;0;1;12518
1;115;0;1;12106.1
1;116;0;1;11888.2
1;117;0;1;12116.5
1;118;0;1;13657.6
1;119;0;1;14907.8
1;120;0;1;13521.4
1;121;0;1;10534.8
1;122;0;1;9781.82
1;123;0;1;10902.8
1;124;0;1;12133.9
1;125;0;1;12526.1
1;126;0;1;12112.5
1;127;0;1;12419.2
1;128;0;1;13262.8
1;129;0;1;14651.9
1;130;0;1;14545.6
1;131;0;1;14237.7
1;132;0;1;13336.5
1;133;0;1;13799.2
1;134;0;1;14159.2
1;135;0;1;13077.2
1;136;0;1;12231.4
1;137;0;1;12611.5
1;138;0.0118598;0.98814;13324.8
1;139;0.00420571;0.995794;13960
1;140;0.0501826;0.949817;13926.8
1;141;0.0591126;0.940887;14296.4
1;142;0;1;13372
1;143;0;1;12010.6
1;144;0;1;10256.1
1;145;0;1;10603.3
1;146;0;1;11451.8
1;147;0;1;14379.3
1;148;0;1;16092.8
1;149;0;1;15730.9
1;150;0;1;12047.3
1;151;0;1;8401.27
1;152;0;1;8252.57
1;153;0;1;9340.28
1;154;0;1;10244.8
1;155;0;1;11133.2
1;156;0;1;11566.2
1;157;0;1;11936.5
1;158;0;1;12765.1
1;159;0;1;12747.2
1;160;0;1;13211.3
1;161;0;1;13277
1;162;0;1;14139.3
1;163;0.0219849;0.978015;14079.9
1;164;0;1;14165.8
1;165;0;1;12611
1;166;0;1;11215.8
1;167;0.0384777;0.961522;9647.83
1;168;0;1;8982.56
1;169;0;1;9305.66
1;170;0;1;9590.27
1;171;0;1;9689.79
1;172;0;1;9855.07
1;173;0;1;10560.8
1;174;0;1;11439.9
1;175;0;1;11986.7
1;176;0;1;12099.8
1;177;0;1;12200.9
1;178;0.00960271;0.990397;12906.8
1;179;0.0350303;0.96497;12820.7
1;180;0.0238129;0.976187;11774.4
1;181;0;1;10585.7
1;182;5.55E-17;1;10368
1;183;0;1;10234.9
1;184;0;1;10222.8
1;185;0;1;10223.2
1;186;0;1;10599.3
1;187;0;1;10058.8
1;188;0;1;10471.5
1;189;0;1;11676.6
1;190;0.0581246;0.941875;12192.5
1;191;0;1;12496.1
1;192;0;1;12686.8
1;193;0;1;13343.7
1;194;0;1;13430.9
1;195;0;1;13355.3
1;196;0.0552909;0.944709;13200
1;197;0.0435605;0.95644;13860.7
1;198;0;1;13742.8
1;199;0.0299296;0.97007;13986.1
1;200;0;1;14370
1;201;0.00178705;0.998213;14046.8
1;202;0;1;13697.9
1;203;0;1;13861
1;204;0;1;14125.5
1;205;0.0163113;0.983689;15135
1;206;0;1;15507.2
1;207;0.0151526;0.984847;15410.8
1;208;0.0587172;0.941283;14819.9
1;209;0.0322133;0.967787;14333.3
1;210;0;1;14049.7
1;211;0;1;13874.9
1;212;0;1;13996.2
1;213;0.037845;0.962155;14225.4
1;214;0;1;14330.8
1;215;0;1;13306.5
1;216;0;1;12408.7
1;217;0;1;12053.8
1;218;0;1;12201.3
1;219;0;1;11493.1
1;220;0;1;11350.9
1;221;0;1;11234.3
1;222;0;1;11275.4
1;223;0;1;10048.9
1;224;0;1;10243.3
1;225;0;1;12405.9
1;226;0;1;13013.2
1;227;0;1;13196.5
1;228;0;1;13702.8
1;229;0;1;13168.1
1;230;0;1;12435.3
1;231;0.0157271;0.984273;13637.5
1;232;0.0191109;0.980889;13064.8
1;233;0;1;13293.9
1;234;0;1;14396.5
1;235;0;1;14947.9
1;236;0;1;14700.7
1;237;5.55E-17;1;14227.1
1;238;0;1;13985.7
1;239;0;1;13685.4
1;240;0;1;12831.6
1;241;0.0546778;0.945322;12116.4
1;242;0;1;11770.2
1;243;0;1;11204.2
1;244;0.0314836;0.968516;10917.3
1;245;0.0435692;0.956431;11341.6
1;246;0;1;11758.1
1;247;0.0292711;0.970729;12578.9
1;248;0;1;12274.9
1;249;0;1;10936.7
1;250;0;1;10748.3
1;251;0.0334982;0.966502;9181.74
1;252;0;1;8517.39
1;253;0.0451877;0.954812;9574.25
1;254;0.0287056;0.971294;10388.9
1;255;9.17E-05;0.999908;10260.4
1;256;0;1;10078
1;257;0;1;10301.9
1;258;0;1;10631.3
1;259;0;1;11314.1
1;260;0;1;11532.8
1;261;0;1;10895.3
1;262;0;1;11114.1
1;263;0;1;10935.5
1;264;0;1;11360.2
1;265;0;1;12015.7
1;266;0.0577641;0.942236;11962
1;267;0;1;10855.3
1;268;0;1;9625.65
1;269;0;1;8955.83
1;270;0;1;7747.92
1;271;0;1;6724.39
1;272;0;1;8038.2
1;273;0;1;8498.17
1;274;0;1;8265.04
1;275;0;1;8712.97
1;276;0;1;9328.08
1;277;0;1;10543.3
1;278;0;1;11034.5
1;279;0;1;11302.1
1;280;0;1;10360.7
1;281;0;1;9863.29
1;282;0;1;9392.56
1;283;0;1;9306.41
2;0;0;0;1449.73
2;1;0;0;1606.36
2;2;0;0;1822.22
2;3;0;0;1925.75
2;4;0;0;2347.29
2;5;0;1;3733.88
2;6;0;1;5404.5
2;7;0;1;6569.45
2;8;0;1;10218.2
2;9;0.0233359;0.976664;12560
2;10;0;1;12920.5
2;11;0.043528;0.956472;13872
2;12;0;1;14694.5
2;13;0;1;15396.9
2;14;0;1;14343.2
2;15;0;1;13774.1
2;16;0;1;14177.7
2;17;0;1;14656.1
2;18;0;1;15008.2
2;19;0;1;14704.4
2;20;0;1;15397.6
2;21;0;1;17287.4
2;22;0;1;16508.3
2;23;0;1;15268.8
2;24;0.00873358;0.991266;14058.2
2;25;0;1;13113.8
2;26;0;1;12683.8
2;27;0;1;13090.6
2;28;0;1;14082.6
2;29;0.0182911;0.981709;14641.1
2;30;0;1;13916
2;31;0.0586943;0.941306;14169.7
2;32;0;1;14571.1
2;33;0;1;14807.4
2;34;0;1;14372.1
2;35;0;1;14695.6
2;36;0;1;14751.9
2;37;0;1;13799.8
2;38;0;1;13921.9
2;39;0.00502693;0.994973;14238.7
2;40;0;1;14690.9
2;41;0;1;14828.3
2;42;0;1;15394.2
2;43;0;1;15264.6
2;44;0;1;14207
2;45;0.029783;0.970217;13049.4
2;46;0;1;12491.7
2;47;0;1;11657.7
2;48;0.029735;0.970265;10681.9
2;49;0.002723;0.997277;11009.4
2;50;0;1;12262.8
2;51;0;1;13698
2;52;0.0228299;0.97717;15386.9
2;53;0.0385162;0.961484;16300.5
2;54;0.0217948;0.978205;15598.3
2;55;0.0553459;0.944654;16425.6
2;56;0;1;16153.4
2;57;0.014586;0.985414;15562.8
2;58;0;1;14807
2;59;0.0359876;0.964012;16062.3
2;60;0.0355289;0.964471;16718.9
2;61;0.0546833;0.945317;16802.4
2;62;0;1;16323.3
2;63;0;1;14980
2;64;0;1;13133.7
2;65;0;1;13042.5
2;66;0;1;14066
2;67;0;1;14371.9
2;68;0;1;13613
2;69;0;1;13400.2
2;70;0;1;12857.5
2;71;0;1;11973.4
2;72;0;1;10611.1
2;73;0;1;10425
2;74;0.035355;0.964645;11335.5
2;75;0;1;10736.6
2;76;0;1;10424.1
2;77;0.0579639;0.942036;9815.15
2;78;0.0325065;0.967494;10822.2
2;79;0.0285341;0.971466;11775.1
2;80;0.00788219;0.992118;12413.3
2;81;0;1;12880.3
2;82;0;1;13718.7
2;83;0;1;13713.8
2;84;0;1;14515
2;85;0;1;13706.8
2;86;0;1;15667.2
2;87;0;1;16314
2;88;0;1;16921
2;89;0.00362773;0.996372;15511.8
2;90;0;1;15127.8
2;91;0.0184842;0.981516;15539.5
2;92;0.0468888;0.953111;15442.4
2;93;0.029737;0.970263;14767.7
2;94;0;1;13450.3
2;95;0;1;12437
2;96;0;1;12572.2
2;97;0;1;12014.3
2;98;0.015666;0.984334;12717
2;99;0;1;12337.9
2;100;0;1;13885.2
2;101;0;1;14848.4
2;102;0;1;15116.9
2;103;0;1;15009.5
2;104;0;1;14697.9
2;105;0;1;13301.8
2;106;0;1;12059.7
2;107;0;1;12197.3
2;108;5.55E-17;1;11310.6
2;109;0;1;10758.8
2;110;0;1;10675.9
2;111;0;1;12189.9
2;112;0;1;12569.7
2;113;0;1;13543.2
2;114;0;1;14176.9
2;115;0;1;11827.3
2;116;5.55E-17;1;11415.8
2;117;0;1;12802.4
2;118;0;1;14716.7
2;119;0;1;16027.6
2;120;0;1;15689.5
2;121;0;1;14747.4
2;122;5.55E-17;1;14371.8
2;123;5.55E-17;1;13662
2;124;0;1;14154.3
2;125;0;1;13539.5
2;126;0;1;12516.7
2;127;0;1;13838.8
2;128;0.0248591;0.975141;14380.1
2;129;0.021935;0.978065;14830.3
2;130;0;1;15745.4
2;131;0;1;15512.4
2;132;0;1;13865.1
2;133;0;1;13089.6
2;134;0;1;14099.4
2;135;0;1;12940.3
2;136;0;1;11854
2;137;0;1;10934.9
2;138;0.004371;0.995629;11675.6
2;139;0.022618;0.977382;12126
2;140;0.034584;0.965416;11987.6
2;141;0;1;12240.7
2;142;0.0234909;0.976509;11610
2;143;0;1;11524.5
2;144;0;1;11141.9
2;145;0;1;11177.1
2;146;0.016303;0.983697;9982.59
2;147;0.044376;0.955624;12166.3
2;148;0.033342;0.966658;14195.4
2;149;0.012905;0.987095;16297.3
2;150;0;1;16705.9
2;151;0;1;15163.2
2;152;0;1;14941.1
2;153;0;1;13166
2;154;0.0183678;0.981632;11858.6
2;155;0.0296498;0.97035;12454.3
2;156;0;1;13970
2;157;0;1;15534.5
2;158;0;1;15379.3
2;159;0;1;13828.7
2;160;0;1;13014.6
2;161;0;1;12901.1
2;162;0.0130979;0.986902;12594.1
2;163;0.045652;0.954348;10922.5
2;164;0;1;9228.99
2;165;0;1;8444.36
2;166;0;1;7745.82
2;167;0;1;6847.33
2;168;0;1;7141.9
2;169;0.00760159;0.992398;8584.93
2;170;0;1;10158.3
2;171;5.55E-17;1;11735.2
2;172;0;1;12143.1
2;173;0;1;12316.3
2;174;5.55E-17;1;13099.7
2;175;0;1;12899.6
2;176;0;1;12669.2
2;177;0.0191366;0.980863;12586.3
2;178;0;1;12018.8
2;179;0.0459466;0.954053;11722.8
2;180;0;1;10809
2;181;0;1;9400.76
2;182;0;1;8110.94
2;183;0.0405163;0.959484;7916.96
2;184;0.0417788;0.958221;9351.79
2;185;0;1;10597.1
2;186;5.55E-17;1;12088.8
2;187;0;1;12077.2
2;188;0;1;12400.6
2;189;0;1;11207.9
2;190;0;1;11773.3
2;191;0.0508947;0.949105;11603.5
2;192;0.0379849;0.962015;10908
2;193;0.0525583;0.947442;10634.5
2;194;0;1;10618.6
2;195;0.012678;0.987322;9916.93
2;196;0.021004;0.978996;9524.82
2;197;0.040385;0.959615;9817.53
2;198;0;1;9880.68
2;199;0.007861;0.992139;10559.5
2;200;0;1;11209.7
2;201;0.028759;0.971241;11726
2;202;0.030939;0.969061;12292.5
2;203;0.001308;0.998692;13647.7
2;204;0;1;14376
2;205;0;1;13951.3
2;206;0;1;14191.2
2;207;0.00816673;0.991833;13623.9
2;208;0;1;12360.8
2;209;0;1;12092.4
2;210;0;1;11906.8
2;211;0.007064;0.992936;12122.9
2;212;0.016008;0.983992;11611.8
2;213;0.032315;0.967685;11164.1
2;214;0.047693;0.952307;12224
2;215;0.031659;0.968341;12565.8
2;216;0;1;11719.8
2;217;0.039644;0.960356;11637.3
2;218;0.0587635;0.941237;11550.1
2;219;0;1;10763.2
2;220;0;1;10350
2;221;0.0228748;0.977125;9204.07
2;222;0;1;8664.5
2;223;0;1;9091.01
2;224;0;1;9636.28
2;225;0;1;10772.4
2;226;0.0181646;0.981835;12732.5
2;227;0.00112578;0.998874;13410.3
2;228;0;1;14424
2;229;0;1;14556.6
2;230;0;1;14466.7
2;231;0;1;13868
2;232;0;1;12813.3
2;233;0.00169;0.99831;12642.5
2;234;0.044746;0.955254;13122.2
2;235;0;1;12216.2
2;236;0;1;11758.5
2;237;0;1;11393.6
2;238;0.055981;0.944019;11179.2
2;239;0.019025;0.980975;11326.8
2;240;0;1;11380.6
2;241;0.002348;0.997652;11275
2;242;0;1;11888.4
2;243;0;1;12128.2
2;244;0.0111652;0.988835;12222.7
2;245;0.00401963;0.99598;12528.7
2;246;0.0206883;0.979312;12717.9
2;247;0.0576657;0.942334;12070.2
2;248;0.01032;0.98968;11256.4
2;249;0;1;9368.1
2;250;0.0499939;0.950006;8686.13
2;251;0.0209215;0.979078;8212.65
2;252;0;1;8160.07
2;253;0.0401391;0.959861;9175.27
2;254;0.039427;0.960573;10589.4
2;255;0.032697;0.967303;10515.1
2;256;0.014529;0.985471;10655.7
2;257;0.00334;0.99666;11706.9
2;258;0;1;11956.8
2;259;0.0495003;0.9505;12198.3
2;260;0.0245898;0.97541;11968
2;261;0;1;11549.9
2;262;0;1;11146.6
2;263;0;1;11633.3
2;264;0;1;11125.1
2;265;0;1;10822.6
2;266;0;1;10445.4
2;267;0;1;9747.22
2;268;0;1;7641.04
2;269;0;1;8391.93
2;270;0.0399059;0.960094;10332.6
2;271;0;1;10465.7
2;272;0;1;11733.8
2;273;0;1;11867.3
2;274;0;1;10893.2
2;275;0;1;10123.5
2;276;0;1;10646.5
2;277;0;1;11991.2
2;278;0;1;12306.6
2;279;0.00071446;0.999286;11671
2;280;0;1;10408.2
2;281;0;1;10566.9
2;282;0;1;10429.5
2;283;0;1;10008.4
3;0;0;0;1549.49
3;1;0;0;1528.11
3;2;0;0;1638.21
3;3;0;0;1878.62
3;4;0;0;1999.09
3;5;0;0;2104.87
3;6;0;0;3133.16
3;7;5.55E-17;1;5851.01
3;8;0;1;8406.48
3;9;0;1;10367
3;10;0;1;11512.8
3;11;5.55E-17;1;12705.3
3;12;0;1;13824.7
3;13;0.00235672;0.997643;14864.3
3;14;0;1;15289
3;15;0;1;15681.9
3;16;0.0461524;0.953848;16174.6
3;17;0.00686449;0.993136;16314.1
3;18;0.013672;0.986328;16399.1
3;19;0;1;15828.1
3;20;0.0180881;0.981912;15735.1
3;21;0;1;16022
3;22;0;1;15804.8
3;23;0;1;15262.3
3;24;0;1;15400.6
3;25;0;1;15413.7
3;26;0;1;15376.2
3;27;0;1;15287.3
3;28;0;1;16010.7
3;29;0.010584;0.989416;15273.6
3;30;0.0399367;0.960063;13917.3
3;31;0.0346807;0.965319;13277.7
3;32;0.0317785;0.968222;12900.4
3;33;0.0152898;0.98471;12950.4
3;34;0;1;12919.3
3;35;0.00396469;0.996035;13822.1
3;36;0.045103;0.954897;14107.9
3;37;0;1;13982.6
3;38;0;1;14297.4
3;39;0;1;13881.5
3;40;0.0176035;0.982397;12852.8
3;41;0;1;15025.5
3;42;0;1;16396.8
3;43;0;1;16366.1
3;44;0;1;15841.1
3;45;0.0161762;0.983824;15075.3
3;46;0;1;13242.2
3;47;0.012374;0.987626;10796.9
3;48;0;1;9885.2
3;49;0;1;10668.8
3;50;0.0587641;0.941236;11880.4
3;51;0.017097;0.982903;12562.9
3;52;0;1;13339.5
3;53;0.0384726;0.961527;13738
3;54;0;1;13850
3;55;0.004482;0.995518;13654.3
3;56;0.006538;0.993462;14072.6
3;57;0.026582;0.973418;13750.4
3;58;0;1;13438.1
3;59;0;1;13703
3;60;0.022834;0.977166;14215.6
3;61;0;1;15683.6
3;62;0;1;16348.2
3;63;0.0206247;0.979375;16262.6
3;64;0;1;15612.5
3;65;0;1;14603
3;66;0.0564745;0.943526;13451.8
3;67;0;1;14367.2
3;68;0;1;14367.8
3;69;0;1;14061.2
3;70;0;1;12553.8
3;71;0;1;11877
3;72;0;1;10630.7
3;73;0;1;9320.24
3;74;0.0470743;0.952926;8361.13
3;75;0;1;8213.64
3;76;0.0185342;0.981466;8596.7
3;77;0;1;9927.31
3;78;0;1;11240.4
3;79;0;1;12036.9
3;80;0;1;11893.3
3;81;0;1;13924
3;82;5.55E-17;1;15443.4
3;83;0;1;16266.9
3;84;0;1;16901.1
3;85;0;1;16660.1
3;86;0.004896;0.995104;16627.8
3;87;0;1;15978.2
3;88;0;1;15658.4
3;89;0;1;15880.5
3;90;0;1;15648.6
3;91;0;1;15727.8
3;92;0;1;14899.8
3;93;0.0519051;0.948095;15023.9
3;94;0.027208;0.972792;15664.4
3;95;0.0577968;0.942203;14529.4
3;96;0;1;14412.4
3;97;0;1;13602.4
3;98;0;1;14161.4
3;99;0;1;13806.4
3;100;0.015307;0.984693;13694.2
3;101;0.003294;0.996706;13131.4
3;102;0;1;13910.3
3;103;0;1;14629.3
3;104;0;1;12684.6
3;105;0;1;10547.7
3;106;0;1;9862.82
3;107;0;1;10607.4
3;108;0;1;11702.5
3;109;0;1;12476.9
3;110;0;1;12429
3;111;0;1;13669.4
3;112;0;1;14586
3;113;0;1;14934.3
3;114;0;1;14531
3;115;0.026094;0.973906;13195.2
3;116;0;1;12530.4
3;117;0;1;14765.7
3;118;0.0249928;0.975007;16141.3
3;119;0.0322409;0.967759;16861.4
3;120;0.0159912;0.984009;17739.9
3;121;0;1;17607.8
3;122;0.00148646;0.998514;16341.3
3;123;0;1;14522
3;124;0;1;14328.9
3;125;0.0402517;0.959748;13546.2
3;126;0.0306414;0.969359;13335.6
3;127;0.0589038;0.941096;13538.9
3;128;0;1;14240
3;129;0;1;15114.6
3;130;0.021801;0.978199;15741.2
3;131;0;1;15591.5
3;132;0;1;14904.5
3;133;0;1;14054.3
3;134;0;1;13755.9
3;135;0.00155458;0.998445;12082.4
3;136;0.0149698;0.98503;11905.6
3;137;0.0437681;0.956232;11452.4
3;138;0;1;11320.3
3;139;0;1;13683.4
3;140;0;1;14591.2
3;141;0;1;13034.8
3;142;5.55E-17;1;12200.7
3;143;0;1;12586.7
3;144;0;1;12582.1
3;145;0;1;13030.1
3;146;0;1;13733.1
3;147;5.55E-17;1;14496.5
3;148;0;1;14316.8
3;149;0;1;13833.2
3;150;0.027552;0.972448;14276.4
3;151;0.051283;0.948717;14209.8
3;152;0.040127;0.959873;14187.2
3;153;0;1;14225.7
3;154;0.0452782;0.954722;13428.6
3;155;0.006938;0.993062;11755.3
3;156;0.026231;0.973769;11691.5
3;157;0;1;16301.4
3;158;0;1;16585.2
3;159;0;1;16469.3
3;160;5.55E-17;1;15494.7
3;161;0;1;14820.7
3;162;0;1;14492.9
3;163;0;1;12671.7
3;164;0;1;10567.9
3;165;0.019972;0.980028;9134.16
3;166;0.0376827;0.962317;7607.48
3;167;0.055712;0.944288;7843.71
3;168;5.55E-17;1;7995.62
3;169;0;1;9290.51
3;170;0;1;11270.4
3;171;0.0251278;0.974872;12736.5
3;172;0.0564218;0.943578;14150.4
3;173;0.0443712;0.955629;14885.9
3;174;0.0336178;0.966382;15213.3
3;175;0.0186495;0.98135;13896.4
3;176;0;1;12406.1
3;177;0;1;11524.6
3;178;0;1;10406.3
3;179;0;1;10162.4
3;180;0.0339061;0.966094;8780
3;181;0;1;7100.55
3;182;0;1;6433.16
3;183;0.026864;0.973136;6478.63
3;184;0.044778;0.955222;7271.14
3;185;0;1;8315.57
3;186;0;1;9026.29
3;187;0;1;9583.06
3;188;0;1;9805.57
3;189;0.039096;0.960904;12148.8
3;190;0;1;13948.8
3;191;0;1;14898.3
3;192;0;1;13133
3;193;0;1;9479.52
3;194;0;1;8368.86
3;195;0;1;7672.6
3;196;0;1;7898.83
3;197;0;1;9238.63
3;198;0;1;10393.4
3;199;0;1;9398.54
3;200;0;1;8395.63
3;201;0.0330546;0.966945;9123.09
3;202;0.0495529;0.950447;10847.5
3;203;0.0455913;0.954409;12750
3;204;0.0572976;0.942702;14165
3;205;0.00421737;0.995783;14255.3
3;206;0;1;13988.6
3;207;0;1;13643.9
3;208;0;1;13810.1
3;209;0;1;13076.4
3;210;0;1;11458.8
3;211;0.0277883;0.972212;9497.86
3;212;0;1;9056.56
3;213;0.024334;0.975666;9236.57
3;214;0.05301;0.94699;11015.6
3;215;0.03173;0.96827;12891.2
3;216;0;1;12962.8
3;217;0.0376684;0.962332;12247.2
3;218;0;1;11949.5
3;219;0;1;11331.9
3;220;0.0564138;0.943586;10225
3;221;0.0198047;0.980195;11237.6
3;222;0;1;12204.1
3;223;0;1;12919.9
3;224;0;1;13878.2
3;225;0;1;13690.1
3;226;0.0127176;0.987282;14201.6
3;227;0.0373586;0.962641;14569.2
3;228;0.015996;0.984004;14559.4
3;229;0;1;14679.8
3;230;0;1;15305.4
3;231;0;1;15059.3
3;232;0;1;14319.8
3;233;0;1;14244.1
3;234;0;1;13082.7
3;235;0;1;11588.8
3;236;0;1;12285.3
3;237;0;1;14046.8
3;238;0;1;14743.9
3;239;5.55E-17;1;14256.2
3;240;0;1;14302
3;241;0.00329359;0.996706;14548.8
3;242;0.0135306;0.986469;14905
3;243;0;1;14757
3;244;0;1;15065.8
3;245;0;1;15006.6
3;246;0;1;15292.6
3;247;0.00620674;0.993793;12663.9
3;248;0;1;10981.7
3;249;0;1;9765.06
3;250;0;1;9313.56
3;251;0;1;9384.66
3;252;0.0519739;0.948026;10137.2
3;253;0.009441;0.990559;10405
3;254;0.022406;0.977594;10762.5
3;255;0;1;11242.1
3;256;0.0270721;0.972928;11725.3
3;257;0;1;11630.2
3;258;0;1;11881.5
3;259;0;1;13273.2
3;260;0;1;13676.4
3;261;0;1;12438.7
3;262;0;1;10975.2
3;263;0;1;10139.1
3;264;0.038612;0.961388;9007.69
3;265;0.007338;0.992662;8527.69
3;266;0.018096;0.981904;7721.47
3;267;0.016378;0.983622;7597.44
3;268;0.003932;0.996068;8758.65
3;269;0.027557;0.972443;11017.4
3;270;0;1;13187.4
3;271;0.0585825;0.941418;13637
3;272;0.047399;0.952601;12704.8
3;273;0;1;10594.3
3;274;0.0193099;0.98069;9215.06
3;275;0.0107551;0.989245;8443.78
3;276;0;1;8701.02
3;277;0.022422;0.977578;10488.6
3;278;0.01802;0.98198;10926.3
3;279;0.018984;0.981016;11246
3;280;0;1;10654.5
3;281;0;1;12911.2
3;282;0;1;13922.4
3;283;0;1;14411.2
4;0;0;0;1471.15
4;1;0;0;1358.19
4;2;0;0;1542.29
4;3;0;0;1832.23
4;4;0;0;1775.16
4;5;0;0;2018.37
4;6;0;0;2508.97
4;7;0;0;4442.25
4;8;0;1;5608.46
4;9;0;1;5750.81
4;10;0;1;6961.17
4;11;0;1;11177.2
4;12;0;1;13071.3
4;13;0.0515161;0.948484;14161.4
4;14;0.0473492;0.952651;14935.5
4;15;0;1;15122.8
4;16;0;1;16968
4;17;0;1;17670.9
4;18;0;1;16776.1
4;19;0.0317558;0.968244;16362.6
4;20;0;1;17336.8
4;21;0;1;17504.4
4;22;0.0094392;0.990561;17616.3
4;23;0.046503;0.953497;17573.5
4;24;0.0403202;0.95968;17151.6
4;25;0.0353244;0.964676;16497.4
4;26;0.00348417;0.996516;15527.6
4;27;0.0504837;0.949516;17015.7
4;28;0;1;17644.3
4;29;0;1;17279.7
4;30;0.0587314;0.941269;17014.4
4;31;0;1;14365
4;32;0;1;14101
4;33;0;1;14349.4
4;34;0;1;13888.8
4;35;0;1;13252.1
4;36;0;1;13317.6
4;37;0;1;12617.3
4;38;0;1;11171.2
4;39;0.00120076;0.998799;11296.3
4;40;0;1;12867.7
4;41;0;1;15913
4;42;0.0163072;0.983693;16222.4
4;43;0;1;16680.1
4;44;0;1;16144.6
4;45;0;1;15925.1
4;46;0.0526759;0.947324;16021.3
4;47;0;1;15655.8
4;48;0;1;15048.6
4;49;0;1;15575.4
4;50;0;1;16230.8
4;51;0.0106722;0.989328;14963.2
4;52;0;1;13032.5
4;53;0.000678377;0.999322;13555.2
4;54;0;1;12259.4
4;55;0.0121021;0.987898;10680.4
4;56;0;1;11144.2
4;57;0;1;13486.2
4;58;0.00131911;0.998681;13844.8
4;59;0.0237267;0.976273;12817.6
4;60;0.0509577;0.949042;12507.7
4;61;0;1;13550.5
4;62;0;1;12580.4
4;63;0;1;11324.5
4;64;0;1;12867.6
4;65;0;1;15110.6
4;66;0;1;14985.9
4;67;0;1;15152.2
4;68;0;1;15345.6
4;69;0;1;15746.8
4;70;0;1;15621
4;71;0;1;15238.2
4;72;0;1;13680.4
4;73;0;1;11243.2
4;74;0;1;12782.7
4;75;0;1;13370.9
4;76;0;1;13381.2
4;77;0;1;14189.2
4;78;5.55E-17;1;13900
4;79;0;1;13069.3
4;80;0.00685275;0.993147;13880.1
4;81;0.0512639;0.948736;15088.8
4;82;0;1;15243.4
4;83;0;1;15590
4;84;0;1;14771.3
4;85;0;1;14384.7
4;86;0;1;14075.8
4;87;0;1;14124.2
4;88;0;1;14170.3
4;89;0;1;15128.2
4;90;0;1;16703.2
4;91;0;1;17455.9
4;92;0;1;15327.6
4;93;0;1;14592.4
4;94;0;1;15779.6
4;95;0.0189669;0.981033;16791.3
4;96;0.0397089;0.960291;17554.3
4;97;0.0277174;0.972283;17624.2
4;98;0.0220452;0.977955;18012.5
4;99;0.046205;0.953795;17303.9
4;100;0.012189;0.987811;15463.8
4;101;0;1;12163.3
4;102;0;1;12237.2
4;103;0;1;12279.2
4;104;0;1;10652.8
4;105;0;1;10887.3
4;106;0;1;11045.4
4;107;0;1;11389
4;108;0;1;11292.2
4;109;0;1;13276.4
4;110;0;1;15394
4;111;0;1;15625.6
4;112;0.0525779;0.947422;14886.1
4;113;0;1;13848.8
4;114;0.0408485;0.959152;15462.5
4;115;0;1;16025.3
4;116;0;1;16145.8
4;117;0;1;17020.6
4;118;0;1;16201.2
4;119;0;1;13249.2
4;120;0;1;13767.7
4;121;0;1;13839
4;122;0;1;13931.1
4;123;0;1;13531.4
4;124;0;1;13264.7
4;125;0;1;11345.6
4;126;5.55E-17;1;14407.5
4;127;0;1;16706.2
4;128;5.55E-17;1;18044.4
4;129;0;1;17193.8
4;130;0;1;17032.3
4;131;0;1;15912.4
4;132;0.0380135;0.961987;14726.4
4;133;0;1;12806.8
4;134;0;1;12094.9
4;135;0;1;12315.7
4;136;0;1;14421.4
4;137;0;1;15481.4
4;138;0;1;15921.5
4;139;0;1;16009.7
4;140;0;1;15897.3
4;141;0.011032;0.988968;13779.7
4;142;0;1;12787.1
4;143;0.000414;0.999586;13034
4;144;0;1;11846.3
4;145;0.00835698;0.991643;13490.3
4;146;0;1;14210.6
4;147;0.008465;0.991535;14740.3
4;148;0;1;13270
4;149;0;1;11928.4
4;150;0.030176;0.969824;11135.9
4;151;0.014389;0.985611;10865.6
4;152;0.041266;0.958734;11537.5
4;153;0;1;12574.2
4;154;0;1;12253
4;155;0.0343671;0.965633;11600
4;156;0.02237;0.97763;10798.5
4;157;0;1;14077.4
4;158;0.050285;0.949715;15353.5
4;159;0.015709;0.984291;16859.4
4;160;0;1;16137.7
4;161;0;1;15573.8
4;162;0.00912039;0.99088;15870.8
4;163;0;1;16277
4;164;0;1;14878.5
4;165;0;1;14708
4;166;0;1;14931.1
4;167;0;1;15248
4;168;5.55E-17;1;15056.7
4;169;0;1;14569.2
4;170;0;1;13840.7
4;171;0;1;14806.4
4;172;0;1;15184.9
4;173;0;1;14154.2
4;174;0.0596016;0.940398;13040.1
4;175;0.038551;0.961449;10578.4
4;176;0;1;8679.41
4;177;0.033993;0.966007;8185.19
4;178;0.007043;0.992957;7794.93
4;179;0;1;7367.24
4;180;0.040983;0.959017;7127.03
4;181;0.039548;0.960452;6080.11
4;182;0.003769;0.996231;5910.9
4;183;0;1;6348.31
4;184;0;1;6715.71
4;185;0.021362;0.978638;6460.98
4;186;0.054935;0.945065;6076.88
4;187;0.058653;0.941347;6484.38
4;188;0;1;7365.74
4;189;0;1;9817.33
4;190;0;1;12054.4
4;191;0.025993;0.974007;13107.6
4;192;0.0550005;0.944999;13205.6
4;193;5.55E-17;1;11913.6
4;194;0;1;12718.5
4;195;0;1;14304
4;196;0;1;14684.4
4;197;0;1;14515.8
4;198;0;1;14364.9
4;199;0;1;13889.8
4;200;0;1;13009.4
4;201;0;1;13358.4
4;202;0;1;13388.9
4;203;0;1;12462.3
4;204;0;1;12291.2
4;205;0;1;13639.2
4;206;0.036778;0.963222;14521.4
4;207;0.00904612;0.990954;14880
4;208;0.0331934;0.966807;15332.4
4;209;0.0418133;0.958187;15623.4
4;210;0.00158064;0.998419;15223.5
4;211;0;1;13460.5
4;212;0;1;12366.5
4;213;0;1;12648
4;214;5.55E-17;1;13547.4
4;215;0;1;14912.1
4;216;0;1;15684.2
4;217;0.000233867;0.999766;14733.5
4;218;0;1;13129.5
4;219;0.024809;0.975191;11423.8
4;220;0.018228;0.981772;10287.3
4;221;0;1;10469.9
4;222;0;1;11124
4;223;0.049912;0.950088;11232
4;224;0.016819;0.983181;12408.2
4;225;0.006089;0.993911;13735.4
4;226;0.052328;0.947672;13519.8
4;227;0;1;13443.5
4;228;0;1;12772.4
4;229;0.0390258;0.960974;10494.9
4;230;0.031401;0.968599;11606.5
4;231;0.0422327;0.957767;13662.6
4;232;0;1;14174.9
4;233;0.023165;0.976835;13606
4;234;0.0113099;0.98869;11638.6
4;235;0.0279803;0.97202;12146.4
4;236;0;1;13010
4;237;0;1;13514.3
4;238;0;1;13525.4
4;239;0;1;11941.9
4;240;0;1;10941.8
4;241;0;1;12011.4
4;242;0.036394;0.963606;13351.6
4;243;0;1;14254.6
4;244;0.0284589;0.971541;14361.7
4;245;0;1;14983.3
4;246;0.00650126;0.993499;14451.5
4;247;0.0557312;0.944269;11716.2
4;248;0.0475656;0.952434;9397.8
4;249;0;1;9806.72
4;250;0;1;9475.27
4;251;0;1;9200.72
4;252;0;1;9384.63
4;253;0.057249;0.942751;9247.1
4;254;0.040039;0.959961;10976.9
4;255;0.00162136;0.998379;11676.7
4;256;0;1;11472.2
4;257;0;1;10280.7
4;258;0;1;8687.09
4;259;0.005506;0.994494;10743.5
4;260;0.008172;0.991828;12460
4;261;0.0429514;0.957049;12850.8
4;262;0;1;12834.2
4;263;0;1;12383.8
4;264;0;1;10707.6
4;265;0;1;8524.69
4;266;0;1;7917.21
4;267;0.00562095;0.994379;11197.3
4;268;0;1;14464.5
4;269;0.0285821;0.971418;14737.1
4;270;0.0400833;0.959917;15294.8
4;271;0.0483169;0.951683;15128.9
4;272;0;1;14873.2
4;273;0;1;10771.6
4;274;0;1;8194.73
4;275;0;1;8281.46
4;276;0;1;10183.6
4;277;0;1;11632.2
4;278;0;1;11801.2
4;279;0;1;12652.4
4;280;0;1;12926.2
4;281;0;1;13283
4;282;0;1;13811.2
4;283;0.0130456;0.986954;13800.2
5;0;0;0;1260.82
5;1;0;0;1462.15
5;2;0;0;1469.88
5;3;0;0;1621.08
5;4;0;0;1788.78
5;5;0;0;1916.33
5;6;0;0;2162.6
5;7;0;0;2538.5
5;8;0.00E+00;0;3097.04
5;9;0;0;3429.83
5;10;0;1;5230.66
5;11;0;1;8694.78
5;12;0;1;12054.4
5;13;0;1;12332.1
5;14;0;1;12600.7
5;15;0;1;14838.6
5;16;0.0227756;0.977224;16018.5
5;17;0;1;16682.4
5;18;0;1;16363
5;19;0;1;15954.9
5;20;0;1;14915.7
5;21;0;1;14710.9
5;22;0;1;14592.8
5;23;0;1;14742.7
5;24;0;1;15064.9
5;25;0.0389141;0.961086;15322.8
5;26;0;1;15955.9
5;27;0;1;16050.1
5;28;0;1;16181.5
5;29;0;1;16684.6
5;30;0;1;16471.3
5;31;0.0541664;0.945834;15022.9
5;32;0.0526884;0.947312;14192
5;33;0;1;14325.6
5;34;0;1;14563.8
5;35;0.052599;0.947401;12104.7
5;36;0;1;11141.3
5;37;0;1;12511.7
5;38;0;1;13960
5;39;0.00853994;0.99146;14854.3
5;40;0;1;15312.7
5;41;0.011891;0.988109;16253.1
5;42;0;1;14810
5;43;0.0588391;0.941161;14045.7
5;44;0.0458748;0.954125;14911.5
5;45;0.057108;0.942892;15668.7
5;46;0;1;16320.5
5;47;0;1;16096.3
5;48;0;1;15157.3
5;49;0.007119;0.992881;14405.8
5;50;0.033677;0.966323;15405.5
5;51;5.55E-17;1;16403.8
5;52;0;1;16718.6
5;53;0;1;17232.7
5;54;5.55E-17;1;16459.9
5;55;0;1;14712.4
5;56;0;1;15182.1
5;57;0;1;16443.9
5;58;0;1;16460.9
5;59;0;1;15954.8
5;60;0.026765;0.973235;13639.8
5;61;0;1;12078.2
5;62;0.0353344;0.964666;10325.4
5;63;0.0390603;0.96094;9120.8
5;64;0;1;10083.7
5;65;0.04986;0.95014;12077.3
5;66;0;1;12780.4
5;67;0;1;12676.3
5;68;0;1;12315.8
5;69;0;1;12326.3
5;70;0.034364;0.965636;13475.3
5;71;0;1;14443.3
5;72;0;1;14438.8
5;73;0.0396992;0.960301;14265.5
5;74;0.00713591;0.992864;16242.9
5;75;0;1;17131.9
5;76;0;1;16818.9
5;77;0;1;16863
5;78;0.00400094;0.995999;16936.7
5;79;0;1;14614.5
5;80;0;1;13569.5
5;81;0;1;13684.3
5;82;0.016668;0.983332;13397.5
5;83;0.034909;0.965091;12300.3
5;84;0;1;12069.8
5;85;0.0228715;0.977128;12518.5
5;86;0;1;14444.4
5;87;0;1;14885.3
5;88;0;1;15751.7
5;89;0.0405812;0.959419;15724.7
5;90;0;1;15781.8
5;91;0;1;14399.5
5;92;0.021245;0.978755;12615.1
5;93;0;1;11392.6
5;94;0;1;13734.9
5;95;0.0557249;0.944275;14905.4
5;96;0;1;15402.7
5;97;0;1;15230
5;98;0;1;15557.5
5;99;0;1;15106.1
5;100;0.0573587;0.942641;13601.5
5;101;0;1;12416.6
5;102;0;1;11813.4
5;103;0.0180018;0.981998;12637.4
5;104;0;1;12952.4
5;105;0.005205;0.994795;11155.4
5;106;0;1;9951.65
5;107;0.0363213;0.963679;9660.6
5;108;0;1;10770.9
5;109;0;1;12111
5;110;0;1;13492.4
5;111;0;1;14815
5;112;0.0171113;0.982889;14158.9
5;113;0;1;13504.9
5;114;0;1;15222.1
5;115;0;1;15732.1
5;116;0.004024;0.995976;15949.1
5;117;0.025259;0.974741;14975.1
5;118;0;1;13346.7
5;119;0;1;12524.4
5;120;0;1;13777.6
5;121;0;1;15083.2
5;122;0;1;16186
5;123;0;1;16497.1
5;124;5.55E-17;1;14286.5
5;125;0;1;13025.1
5;126;0;1;15571.5
5;127;0;1;16110.9
5;128;0;1;16598.1
5;129;0;1;16048.3
5;130;0;1;16014
5;131;0.0151986;0.984801;15691.9
5;132;0;1;15510
5;133;0;1;15509.3
5;134;0;1;16024.8
5;135;0;1;16761.9
5;136;0;1;17206.3
5;137;0;1;15092.3
5;138;0.020839;0.979161;14298
5;139;0;1;14870.6
5;140;0.0311178;0.968882;16336.6
5;141;0;1;16365.7
5;142;0.0511824;0.948818;15639.1
5;143;0;1;15071.2
5;144;0.00880188;0.991198;15269.4
5;145;0;1;16835.2
5;146;0.0160773;0.983923;17495.7
5;147;0.00268579;0.997314;16859.5
5;148;0;1;15735.3
5;149;0;1;13794.8
5;150;0.0372644;0.962736;11443.3
5;151;0;1;11194.9
5;152;0;1;11827.9
5;153;0;1;14053.8
5;154;0;1;14904.5
5;155;0;1;16011.8
5;156;0;1;16248
5;157;0;1;16005
5;158;0.00037381;0.999626;13833.3
5;159;0;1;13855
5;160;0.042964;0.957036;13093.6
5;161;0.023823;0.976177;13019.9
5;162;0;1;13408.1
5;163;0;1;16160.3
5;164;0;1;16761.8
5;165;0;1;16585.1
5;166;0.0157333;0.984267;16193.3
5;167;0;1;15759.7
5;168;0.021035;0.978965;15412.3
5;169;0.014993;0.985007;15563.4
5;170;0.020099;0.979901;14585.8
5;171;0;1;14358.9
5;172;0.01413;0.98587;13652.8
5;173;0;1;13913.4
5;174;0;1;14047.3
5;175;0;1;13701.9
5;176;5.55E-17;1;10433.4
5;177;0;1;8891.96
5;178;0;1;7627.73
5;179;0;1;9602.15
5;180;5.55E-17;1;13487.7
5;181;0;1;14694.9
5;182;0;1;14138.5
5;183;0;1;13462
5;184;0;1;13782.7
5;185;0;1;14438.3
5;186;5.55E-17;1;14378
5;187;5.55E-17;1;13546.2
5;188;0;1;13266
5;189;0;1;13308.8
5;190;0;1;11453.7
5;191;0.0501746;0.949825;9863.13
5;192;0;1;10519.2
5;193;0.008421;0.991579;12262.8
5;194;0;1;14124.6
5;195;0;1;14936.7
5;196;0;1;14023.1
5;197;0.008276;0.991724;13749.4
5;198;0.0317815;0.968218;14340.8
5;199;0.0504795;0.94952;13509
5;200;0.002344;0.997656;12272.7
5;201;0.050911;0.949089;13427.2
5;202;0;1;14921.7
5;203;0;1;14674.7
5;204;0;1;14414.1
5;205;0;1;13691.8
5;206;0;1;12435.1
5;207;0.013135;0.986865;12202
5;208;0;1;12815
5;209;0;1;13024.5
5;210;0;1;13318.3
5;211;0;1;13238.9
5;212;0;1;12542.6
5;213;0.025875;0.974125;11098.7
5;214;0;1;11248.6
5;215;0;1;12090
5;216;0;1;13388.2
5;217;0.007712;0.992288;15244.5
5;218;0.0246584;0.975342;14640.9
5;219;0;1;13634.2
5;220;0;1;13639.7
5;221;0;1;13152
5;222;0;1;12223.7
5;223;0;1;11965.1
5;224;0;1;12229.9
5;225;0.0340123;0.965988;11983
5;226;0.0504721;0.949528;10901.9
5;227;0.0460936;0.953906;10318.9
5;228;0.0546659;0.945334;11034.8
5;229;0.00757272;0.992427;10327
5;230;0.002434;0.997566;10363.9
5;231;0.023445;0.976555;11262.6
5;232;0.019352;0.980648;11842.6
5;233;0.017685;0.982315;11667.6
5;234;0;1;12735.7
5;235;0;1;13961.1
5;236;0;1;14269.1
5;237;0.05847;0.94153;13990.4
5;238;0.0197216;0.980278;13557.8
5;239;0;1;12976.4
5;240;0;1;11261.2
5;241;0.00182918;0.998171;12303.9
5;242;0;1;13516.4
5;243;0;1;13170.9
5;244;0;1;12494
5;245;0;1;10914.2
5;246;0.041317;0.958683;10018.2
5;247;0.044748;0.955252;11903.4
5;248;0;1;12425.8
5;249;0;1;13727.7
5;250;0;1;13409.8
5;251;0;1;14109
5;252;0;1;13418.2
5;253;0;1;12007.6
5;254;0;1;12529.1
5;255;0.0358644;0.964136;12533.1
5;256;0.0316497;0.96835;11636.3
5;257;0;1;11566.5
5;258;5.55E-17;1;11045
5;259;0;1;11092
5;260;0.00714;0.99286;10387.9
5;261;0.027283;0.972717;10538.6
5;262;0.03912;0.96088;11186.9
5;263;0;1;10917.7
5;264;0.00548674;0.994513;11517.8
5;265;0;1;11049
5;266;0;1;11651
5;267;0.0163026;0.983697;13443.8
5;268;0;1;15178.1
5;269;0;1;14724.3
5;270;0;1;14455.7
5;271;0.005046;0.994954;12760.7
5;272;0;1;10853.1
5;273;0;1;9219.96
5;274;0;1;9976.53
5;275;0;1;11588
5;276;0.00935082;0.990649;12303
5;277;0;1;12156.7
5;278;0;1;11316.9
5;279;0;1;11340.8
5;280;0;1;10384.8
5;281;0.046218;0.953782;9562.93
5;282;0;1;9095.04
5;283;0;1;11247.8
6;0;0;0;1267.94
6;1;0;0;1435.27
6;2;0;0;1493.74
6;3;0;0;1659.51
6;4;0;0;1850.78
6;5;0;0;1783.5
6;6;0;0;1890.04
6;7;0;0;1879.72
6;8;0;0;2498.1
6;9;0;1;5015.51
6;10;0;1;6774.83
6;11;0;1;6878.62
6;12;0;1;7458.26
6;13;0;1;6696.81
6;14;0;1;6546.09
6;15;0;1;8798.59
6;16;0.017412;0.982588;11290.2
6;17;0;1;12854.1
6;18;0;1;13612.4
6;19;0;1;13369.3
6;20;0.0597667;0.940233;13178.7
6;21;0;1;14185.6
6;22;0;1;14049.1
6;23;0;1;13286.5
6;24;0;1;13261.2
6;25;0;1;13524.8
6;26;0;1;14925.7
6;27;0;1;14313.3
6;28;0.046211;0.953789;14269.8
6;29;0;1;14798.7
6;30;0;1;13975.3
6;31;0;1;12830.9
6;32;0;1;11241.6
6;33;0;1;10405.5
6;34;0;1;10524.3
6;35;0.0412241;0.958776;9984.16
6;36;0;1;11198.4
6;37;0;1;14343.6
6;38;0.000201121;0.999799;16906.5
6;39;0.0370603;0.96294;16680
6;40;0;1;16429.9
6;41;0;1;13955
6;42;0;1;12315
6;43;0;1;11740.5
6;44;0;1;12446.2
6;45;0.03139;0.96861;13338.5
6;46;0.00340007;0.9966;13910.7
6;47;0;1;15333.2
6;48;0;1;14345.4
6;49;0;1;14258.4
6;50;0.0416561;0.958344;14958.3
6;51;0.017029;0.982971;15261.4
6;52;0.015677;0.984323;15616.5
6;53;0.021359;0.978641;15403.3
6;54;0;1;15981.9
6;55;0.00054;0.99946;16575.4
6;56;0;1;16716.7
6;57;0;1;17106.1
6;58;0.0594848;0.940515;17110.2
6;59;0;1;17325.6
6;60;0;1;16063.5
6;61;0.0217201;0.97828;12868.3
6;62;0.00966921;0.990331;11411
6;63;0.0361308;0.963869;10402.4
6;64;0;1;10201.9
6;65;0;1;10967.9
6;66;0.0043632;0.995637;11635.9
6;67;0.0323782;0.967622;10830.1
6;68;0;1;10663.4
6;69;0;1;10771.6
6;70;0;1;11946.4
6;71;0;1;13639.9
6;72;0;1;15166.7
6;73;0;1;15523.1
6;74;0.0501588;0.949841;14309.4
6;75;0;1;13172.9
6;76;0;1;13338.7
6;77;0;1;13741.5
6;78;0;1;13548.8
6;79;0.0406446;0.959355;12451.4
6;80;0.0017003;0.9983;11003.7
6;81;0;1;10786.4
6;82;0;1;11666.8
6;83;0;1;12218.1
6;84;0;1;11952.1
6;85;0;1;11241.3
6;86;0;1;11404.2
6;87;0;1;10033.8
6;88;0;1;11123.2
6;89;0.000670173;0.99933;13871.6
6;90;0;1;14693.7
6;91;0;1;14453.5
6;92;0;1;13915.2
6;93;0;1;13107.9
6;94;0;1;12594.7
6;95;0;1;12223.4
6;96;0;1;13109.6
6;97;0;1;13325.8
6;98;0;1;13736.8
6;99;0;1;13904.1
6;100;0;1;14885.7
6;101;0.0171304;0.98287;14713.7
6;102;0.0145001;0.9855;14444.3
6;103;0.0368488;0.963151;15408.5
6;104;0.0451927;0.954807;16553.5
6;105;0.0156374;0.984363;16290.9
6;106;0.022827;0.977173;13576.8
6;107;0;1;11614.5
6;108;0;1;13656.2
6;109;0;1;14294.4
6;110;0;1;14220
6;111;0;1;14582.7
6;112;0;1;15782.8
6;113;0;1;15725.5
6;114;0;1;15559.6
6;115;0;1;16243.5
6;116;0;1;16557.7
6;117;0;1;14966.6
6;118;0;1;13279.2
6;119;0;1;13751.2
6;120;0;1;15352.8
6;121;0;1;17437.8
6;122;0;1;18277.5
6;123;0;1;18182.1
6;124;0;1;15468.2
6;125;0.0217804;0.97822;15311.8
6;126;0;1;15336.4
6;127;0.013667;0.986333;14055.4
6;128;0.0299397;0.97006;13461.3
6;129;0.043011;0.956989;13465.2
6;130;0.0336054;0.966395;14158.2
6;131;0;1;15656.8
6;132;0;1;16662.3
6;133;0.0512241;0.948776;16172.9
6;134;0;1;16940.5
6;135;0;1;17195.5
6;136;0;1;17108.3
6;137;0;1;15177.8
6;138;0.038766;0.961234;12134.8
6;139;0;1;13060.6
6;140;0.0283897;0.97161;15315.6
6;141;0.04853;0.95147;16480.5
6;142;0;1;14922.8
6;143;0.0216004;0.9784;15578.6
6;144;0;1;16407.1
6;145;0.013871;0.986129;16655.2
6;146;0.019577;0.980423;17263.5
6;147;0;1;15934.5
6;148;0.0526309;0.947369;15903.3
6;149;0;1;15724
6;150;0;1;15208
6;151;0;1;16236
6;152;0;1;16817
6;153;0;1;18061.5
6;154;0.00980367;0.990196;17705.2
6;155;0.0444779;0.955522;17858
6;156;0.0211146;0.978885;18709.6
6;157;0;1;17381.6
6;158;0;1;14198.4
6;159;5.55E-17;1;14227.8
6;160;0;1;14221.5
6;161;0;1;14646.9
6;162;0;1;15262.5
6;163;0;1;15936.7
6;164;0;1;16683.9
6;165;0;1;14240.9
6;166;0.0332078;0.966792;12969.9
6;167;0.0466602;0.95334;13642.9
6;168;0.0447974;0.955203;14693.1
6;169;0.0464853;0.953515;15243.5
6;170;0;1;14915.7
6;171;0;1;14205
6;172;0.001025;0.998975;13361.8
6;173;0;1;13452.5
6;174;0;1;13256.6
6;175;0.0481955;0.951804;12921.8
6;176;0;1;12083.9
6;177;0;1;13639.5
6;178;0;1;13888.7
6;179;0;1;13889.3
6;180;0.00547477;0.994525;16461.3
6;181;0.0461437;0.953856;16752
6;182;0;1;16100
6;183;0.0405236;0.959476;16630.2
6;184;0;1;16256.5
6;185;0.00243395;0.997566;15313.8
6;186;0;1;15231.4
6;187;0;1;15611.4
6;188;0.00435295;0.995647;15647
6;189;0;1;15203.6
6;190;0;1;13817.3
6;191;0;1;11330.3
6;192;0;1;12172.5
6;193;0.0450029;0.954997;14698.1
6;194;0.0539336;0.946066;14664.7
6;195;0.0452159;0.954784;14556.1
6;196;0;1;13814.9
6;197;0;1;12419.9
6;198;0;1;11482.7
6;199;0.0247575;0.975243;10435.4
6;200;0.0316685;0.968331;9925.78
6;201;0;1;11706.2
6;202;0;1;13622.6
6;203;0.0510469;0.948953;13843.6
6;204;0.0452381;0.954762;12770.5
6;205;0;1;10690.4
6;206;0;1;9625.74
6;207;0.0178597;0.98214;10069.9
6;208;0.0219074;0.978093;11131.2
6;209;0.0383393;0.961661;10858.7
6;210;0;1;12359.8
6;211;0;1;13827.8
6;212;0;1;14089.8
6;213;0;1;12961.4
6;214;0;1;12110.2
6;215;0;1;10897.2
6;216;0;1;10949.9
6;217;0;1;12447.5
6;218;0;1;12944.7
6;219;0.013652;0.986348;13411.8
6;220;0.0560519;0.943948;14329.2
6;221;0.0363241;0.963676;13982.6
6;222;0.0284149;0.971585;13223.4
6;223;0.0476593;0.952341;12403.5
6;224;0.040644;0.959356;12436.2
6;225;0;1;12475.6
6;226;0.033615;0.966385;13124.8
6;227;0;1;12920.4
6;228;0.0503844;0.949616;13388.3
6;229;0.0289647;0.971035;14041.4
6;230;0;1;13815.8
6;231;5.55E-17;1;13112.2
6;232;0;1;13135.8
6;233;0;1;13750.9
6;234;0.020337;0.979663;13767
6;235;0.0186007;0.981399;13650
6;236;0.0308631;0.969137;13761.9
6;237;0.0352134;0.964787;13610.5
6;238;0.0228231;0.977177;13082
6;239;0.0414354;0.958565;12714.5
6;240;0.0407193;0.959281;10569.5
6;241;0.026421;0.973579;10274.4
6;242;0.012931;0.987069;11176.7
6;243;0.0394482;0.960552;11320.2
6;244;0;1;11361.6
6;245;0;1;10730.1
6;246;0;1;11022.4
6;247;0;1;12350.3
6;248;0;1;13235.7
6;249;0.0549521;0.945048;13359.8
6;250;0.0493905;0.95061;13733.4
6;251;0.01063;0.98937;14352
6;252;0;1;13894.9
6;253;0;1;13581
6;254;0;1;12997.4
6;255;0.0154613;0.984539;11970.3
6;256;0.0482635;0.951736;10017.6
6;257;0.001322;0.998678;10418.2
6;258;0.028153;0.971847;13741.1
6;259;0.0116304;0.98837;14192.7
6;260;0;1;13204.3
6;261;0;1;11829.6
6;262;0;1;12207.7
6;263;0;1;12316.7
6;264;0;1;13643.6
6;265;0;1;14406.8
6;266;0;1;14430.9
6;267;0;1;13421.9
6;268;0.0116136;0.988386;12141.2
6;269;0.000312;0.999688;12087
6;270;0.02276;0.97724;12067.9
6;271;0;1;11705.2
6;272;0;1;9808.93
6;273;0;1;11471.4
6;274;0.025246;0.974754;14335.2
6;275;0.049301;0.950699;16098.9
6;276;0.0593328;0.940667;15554.7
6;277;0;1;15233
6;278;0;1;14860.2
6;279;0;1;14545
6;280;0;1;13642.9
6;281;0;1;12105.9
6;282;0;1;12171.7
6;283;0.0104793;0.989521;14497.6
7;0;0;0;1352.45
7;1;0;0;1509.85
7;2;0;0;1415.23
7;3;0;0;1643.77
7;4;0.00E+00;0;1703.08
7;5;0;0;1766.05
7;6;0.00E+00;0;1925.07
7;7;0;0;2025.89
7;8;0;0;2345.26
7;9;0;0;4184.43
7;10;0;1;6268.97
7;11;0;1;8926.89
7;12;0;1;11020.3
7;13;0;1;12229.3
7;14;0;1;12491.3
7;15;0;1;12291
7;16;0;1;12729.8
7;17;0;1;12174.5
7;18;0.0538884;0.946112;13360.3
7;19;0;1;13388
7;20;0.027543;0.972457;14747.3
7;21;0;1;15730.7
7;22;0;1;16138.2
7;23;0;1;14286
7;24;0;1;14820
7;25;0;1;16149
7;26;0.0345694;0.965431;16359.2
7;27;0.0498684;0.950132;15295.8
7;28;0;1;15290.1
7;29;0;1;14562.9
7;30;0;1;13372.8
7;31;0;1;12849.2
7;32;0;1;11481.1
7;33;0;1;11079.5
7;34;0;1;12029.6
7;35;0;1;12808.2
7;36;0;1;14691.8
7;37;0;1;16265.2
7;38;0.0249147;0.975085;16715.1
7;39;0;1;16596
7;40;0;1;16503.3
7;41;0;1;14103.1
7;42;0.0550572;0.944943;12617.7
7;43;0;1;12448.4
7;44;0;1;13563.9
7;45;0;1;13628.1
7;46;0.0182079;0.981792;13396.1
7;47;0;1;14000.5
7;48;0;1;15398.1
7;49;0;1;15794.2
7;50;0.0259477;0.974052;15394.3
7;51;0;1;16558.3
7;52;0;1;15336.8
7;53;0;1;15609.9
7;54;0.0348864;0.965114;15343.2
7;55;0.022049;0.977951;15381.9
7;56;0.017019;0.982981;15179.6
7;57;0;1;15157.9
7;58;0;1;14925.9
7;59;0;1;15660.4
7;60;0;1;15449.9
7;61;0;1;15038.8
7;62;5.55E-17;1;15098.4
7;63;0;1;14756
7;64;0;1;13824.2
7;65;0;1;12393.4
7;66;0;1;11582.9
7;67;0;1;9936.8
7;68;0;1;11599.6
7;69;0;1;12591.1
7;70;0;1;12814.4
7;71;0;1;14367.6
7;72;0;1;15632.4
7;73;0;1;15605.1
7;74;0;1;15329.1
7;75;0;1;13182.1
7;76;0;1;11448
7;77;0;1;10213.7
7;78;0;1;9694.54
7;79;0;1;9283.61
7;80;0.0438442;0.956156;9922.21
7;81;0;1;11457.3
7;82;0;1;14445.8
7;83;0;1;15328.4
7;84;5.55E-17;1;14725.2
7;85;0.0343081;0.965692;12553.1
7;86;0;1;9878.43
7;87;0;1;9761.16
7;88;0;1;12462.6
7;89;0;1;13702.1
7;90;0.0304794;0.969521;14048.5
7;91;0;1;14482
7;92;0;1;13800.4
7;93;0;1;11852.3
7;94;0.019817;0.980183;10822.9
7;95;0;1;10244.5
7;96;0;1;11099.5
7;97;0;1;11026.6
7;98;0;1;11339.5
7;99;0;1;13400.1
7;100;0;1;16477.5
7;101;0;1;17398.5
7;102;5.55E-17;1;17566
7;103;0;1;17048.3
7;104;0;1;17684.9
7;105;0;1;17262.2
7;106;0;1;15274.2
7;107;0;1;15511.2
7;108;0;1;17528
7;109;0.0367508;0.963249;17378.2
7;110;0;1;16200.3
7;111;0;1;13997.6
7;112;0;1;13228.7
7;113;0;1;12910.6
7;114;0.0572629;0.942737;13547.6
7;115;0.0306532;0.969347;14914.7
7;116;0;1;15746.5
7;117;0;1;16133.6
7;118;0;1;16245
7;119;0;1;15092
7;120;0;1;12797.9
7;121;0;1;13271.2
7;122;0;1;14354.2
7;123;0;1;15304.1
7;124;0.0385723;0.961428;15156.6
7;125;0;1;14936.3
7;126;0;1;13824
7;127;0.01943;0.98057;11939.4
7;128;0;1;11272.7
7;129;0;1;11851.2
7;130;0.00100119;0.998999;12994.4
7;131;0;1;14424.7
7;132;0.0590787;0.940921;14993.7
7;133;0;1;13790.1
7;134;0.015171;0.984829;14176.4
7;135;0;1;13843.7
7;136;0;1;13304.4
7;137;0;1;13437.5
7;138;0.0149276;0.985072;14254.1
7;139;0;1;15277.9
7;140;0;1;16318.9
7;141;0;1;15812.9
7;142;0;1;15160.1
7;143;0;1;15689
7;144;0;1;16072.9
7;145;0;1;15813
7;146;0;1;15841.4
7;147;0;1;16029.3
7;148;0;1;16308.3
7;149;0;1;15433.4
7;150;0.0470097;0.95299;13969
7;151;0.020683;0.979317;13897.5
7;152;0;1;14368.1
7;153;0.0421045;0.957895;15275
7;154;0;1;15436.8
7;155;0.008072;0.991928;16337.7
7;156;0.004061;0.995939;15404
7;157;0;1;14936.6
7;158;0.007323;0.992677;12686.5
7;159;0.017966;0.982034;12166
7;160;0;1;13439.1
7;161;0;1;13587.5
7;162;0;1;13773.8
7;163;0.029816;0.970184;12702
7;164;0;1;11345.9
7;165;0.041447;0.958553;10494.4
7;166;0;1;11905.8
7;167;0;1;13668.8
7;168;0.0308302;0.96917;14677.7
7;169;0.0208557;0.979144;15136.3
7;170;0;1;15450.7
7;171;5.55E-17;1;14201.3
7;172;0.0293192;0.970681;13230.4
7;173;0.00518948;0.994811;13803
7;174;0.0378864;0.962114;12032.7
7;175;0.020836;0.979164;10631.2
7;176;0;1;11103.3
7;177;0.044851;0.955149;13960.1
7;178;0.027044;0.972956;16610.2
7;179;0.00847744;0.991523;16875.1
7;180;0;1;17537.9
7;181;0;1;17101.3
7;182;0;1;15727.3
7;183;0;1;15452.7
7;184;0;1;13833.3
7;185;0.0563869;0.943613;12817.3
7;186;0.0262967;0.973703;12521.5
7;187;0.0251178;0.974882;12896.4
7;188;0.0448809;0.955119;13765.7
7;189;0;1;13395.9
7;190;0;1;13509.3
7;191;0;1;14446.7
7;192;0;1;15838.6
7;193;0;1;16504.1
7;194;0.000107524;0.999892;15965.6
7;195;0.0524293;0.947571;14906.9
7;196;0.0533616;0.946638;14557.9
7;197;0.058067;0.941933;12905
7;198;0.0434088;0.956591;11180.6
7;199;0.0225467;0.977453;10308.9
7;200;0;1;10012.6
7;201;0.0357223;0.964278;10615.6
7;202;0;1;11060.5
7;203;0;1;11127.9
7;204;0;1;9903.25
7;205;0;1;8909.4
7;206;0.003208;0.996792;9990.15
7;207;0;1;12014.7
7;208;0;1;12421.4
7;209;0;1;11759
7;210;0;1;13201.8
7;211;0.033108;0.966892;14535
7;212;0;1;15389.8
7;213;0;1;15768.7
7;214;0.0278605;0.972139;14094.5
7;215;0;1;13443.1
7;216;0;1;14322.8
7;217;0;1;14672
7;218;0;1;13737.5
7;219;0;1;14426.4
7;220;0.00617447;0.993826;14629.1
7;221;0.0115457;0.988454;13471.1
7;222;0.0177783;0.982222;12446.5
7;223;0.0542115;0.945789;12679
7;224;0;1;13964.5
7;225;0;1;14720.1
7;226;0;1;15700.9
7;227;0.0597193;0.940281;15247
7;228;0.0460676;0.953932;15867.5
7;229;0.0241534;0.975847;16218.5
7;230;0;1;15559.7
7;231;0;1;14962.1
7;232;0;1;13665.7
7;233;0;1;12816.8
7;234;0.0449723;0.955028;11749.2
7;235;0;1;11522.1
7;236;0.028854;0.971146;10477.9
7;237;0.015722;0.984278;9840.1
7;238;0.0378318;0.962168;9947.07
7;239;0.0197981;0.980202;12330.2
7;240;0;1;13415.4
7;241;0;1;11938.7
7;242;0;1;9402.95
7;243;0;1;9092.72
7;244;0.0471442;0.952856;9720.93
7;245;0.043683;0.956317;10443.5
7;246;0;1;10794.8
7;247;0;1;9675.07
7;248;0.0420575;0.957942;9960.08
7;249;0.0242194;0.975781;10607
7;250;0.00103022;0.99897;11073.2
7;251;0;1;11780.4
7;252;0.008169;0.991831;12701.2
7;253;0;1;13784.3
7;254;0;1;14574.6
7;255;0;1;14184.3
7;256;0;1;12009.2
7;257;0;1;11621
7;258;0.0495011;0.950499;13506.6
7;259;0.0562333;0.943767;13511.1
7;260;0.0591925;0.940807;13017.3
7;261;0.0123778;0.987622;12019.4
7;262;0.0329332;0.967067;13004.3
7;263;0.01701;0.98299;13992
7;264;0.024275;0.975725;14304.3
7;265;0.015503;0.984497;13971.3
7;266;0.0579627;0.942037;14396.3
7;267;0.0249969;0.975003;14050.7
7;268;0;1;13725
7;269;0;1;13639.9
7;270;0;1;12934.9
7;271;0;1;12919.2
7;272;0;1;12994.5
7;273;0.0194016;0.980598;14697
7;274;0.0566739;0.943326;15453.3
7;275;0;1;14527.7
7;276;0;1;13469.5
7;277;0.002446;0.997554;13738.3
7;278;0.034858;0.965142;15448.1
7;279;0;1;16452
7;280;0.0512297;0.94877;16588.4
7;281;0.0216319;0.978368;15621.7
7;282;5.55E-17;1;15366.2
7;283;0;1;15475.8
8;0;0;0;1548.47
8;1;0;0;1684.85
8;2;0;0;1647.49
8;3;0.00E+00;0;1745.11
8;4;0;0;1942.12
8;5;0;0;2078.41
8;6;0;0;3191.84
8;7;0;1;5400.82
8;8;0;1;7643.25
8;9;0;1;10029.4
8;10;0;1;11127.9
8;11;0;1;12072.8
8;12;0;1;13127.6
8;13;0;1;14833.5
8;14;0;1;15780.4
8;15;0.0144661;0.985534;15048.5
8;16;0;1;14597.1
8;17;0;1;14606.6
8;18;0.0320706;0.967929;14583.9
8;19;0;1;13757
8;20;0;1;13033.6
8;21;0;1;13441.9
8;22;0;1;14517.5
8;23;0.0425481;0.957452;14981.6
8;24;0;1;15458.3
8;25;0;1;15133.5
8;26;0;1;13276.2
8;27;0;1;11967.5
8;28;0;1;11411.7
8;29;0;1;10927
8;30;0.0024062;0.997594;11414.9
8;31;0;1;13524.2
8;32;0;1;15351.6
8;33;5.55E-17;1;16493.4
8;34;0;1;17606.7
8;35;5.55E-17;1;18077.2
8;36;0.0244681;0.975532;17910.9
8;37;0.0445746;0.955425;15622.8
8;38;0.0318219;0.968178;15286.9
8;39;0.0550274;0.944973;16492
8;40;0;1;16513.3
8;41;0;1;16075.9
8;42;0;1;15560.5
8;43;0.036749;0.963251;14533.5
8;44;0.024174;0.975826;12265.8
8;45;0.001743;0.998257;10533.8
8;46;0;1;11194.7
8;47;0;1;11716.3
8;48;0.01278;0.98722;11911.3
8;49;0;1;12086.1
8;50;0;1;13134.8
8;51;0;1;15143.6
8;52;0;1;14391.1
8;53;0;1;14609.8
8;54;0;1;14907.6
8;55;0;1;15581.6
8;56;0.00378443;0.996216;16189.7
8;57;0;1;15990.6
8;58;0;1;16480.3
8;59;0.0310807;0.968919;16844
8;60;0;1;14579.1
8;61;0;1;13960
8;62;0;1;14444.1
8;63;0.00803098;0.991969;14750.8
8;64;0;1;15170.7
8;65;0;1;16061.9
8;66;0;1;15954.7
8;67;0;1;14946.1
8;68;5.55E-17;1;16356.9
8;69;0;1;15872.4
8;70;0.020407;0.979593;14701.3
8;71;0.0421488;0.957851;13540.8
8;72;0.0281615;0.971839;13757.7
8;73;0;1;13515.2
8;74;0;1;13431.8
8;75;0;1;13338.9
8;76;0;1;13412.3
8;77;0;1;12715.7
8;78;0;1;12420
8;79;0;1;12532.4
8;80;0.0033663;0.996634;12869.8
8;81;0;1;13283.7
8;82;0.016639;0.9883361;13930.3
8;83;0;1;14974
8;84;0.0588584;0.941142;15164
8;85;0.0174612;0.982539;14920.6
8;86;0;1;14068
8;87;0;1;13410.1
8;88;0;1;13175.5
8;89;0.0428247;0.957175;12841.8
8;90;0;1;12251.5
8;91;0;1;12528.7
8;92;0;1;12010.7
8;93;0.039259;0.960741;10053.7
8;94;0;1;9250.08
8;95;0.030297;0.969703;8977.66
8;96;0;1;9345.75
8;97;0.0325418;0.967458;8961.42
8;98;0.006905;0.993095;8696.39
8;99;0.0560219;0.943978;11000.9
8;100;0.016395;0.983605;13618.8
8;101;0;1;14476.3
8;102;0;1;14818.5
8;103;0;1;15308.1
8;104;0;1;15233.1
8;105;0;1;14545.8
8;106;0;1;13650.9
8;107;0.0555619;0.944438;14817.8
8;108;0;1;15006.3
8;109;0;1;14550
8;110;0;1;14394.8
8;111;0;1;14164.1
8;112;0;1;14126.4
8;113;0;1;14101
8;114;0;1;14889.5
8;115;0;1;14540.2
8;116;0;1;15199.3
8;117;0;1;16383.6
8;118;0;1;16762.9
8;119;0;1;16817.7
8;120;0;1;15062.2
8;121;0.0319638;0.968036;12611
8;122;0;1;12858.5
8;123;0.0536003;0.9464;14954.5
8;124;0;1;16643.6
8;125;0;1;17149.1
8;126;0;1;16764.5
8;127;0;1;16011.3
8;128;0.0357245;0.964276;14337.3
8;129;0;1;13915.4
8;130;0;1;13960.3
8;131;0.00261331;0.997387;13391.4
8;132;0.0534785;0.946521;13144.7
8;133;0;1;11855.9
8;134;0;1;11581
8;135;0;1;11622.5
8;136;0;1;13675.3
8;137;5.55E-17;1;15202.6
8;138;0;1;15844.7
8;139;0;1;16566.6
8;140;0;1;16024.6
8;141;0.0329229;0.967077;15232.6
8;142;0;1;13375.7
8;143;0.0516852;0.948315;14850.3
8;144;0;1;14537.6
8;145;0;1;13587.5
8;146;0;1;14139.1
8;147;0.0491324;0.950868;15217.7
8;148;0;1;16503.3
8;149;0;1;16834.2
8;150;0;1;17416.3
8;151;0;1;16531
8;152;0;1;13960.8
8;153;0;1;12238.7
8;154;0.03674;0.96326;11075.2
8;155;0.040897;0.959103;11261.3
8;156;0;1;10842.8
8;157;0;1;11116.3
8;158;0;1;11144.7
8;159;0.007377;0.992623;10474.3
8;160;0;1;12667.4
8;161;0.018219;0.981781;14785.2
8;162;0.0580482;0.941952;14962.8
8;163;0;1;14292.6
8;164;0.023615;0.976385;11385.4
8;165;0;1;11868.2
8;166;0;1;15137.2
8;167;0;1;16756.1
8;168;0;1;16937.9
8;169;5.55E-17;1;16575.3
8;170;0;1;15171
8;171;0;1;12777.9
8;172;0.0203222;0.979678;11844.4
8;173;0;1;11161.9
8;174;0.010023;0.989977;11344.5
8;175;0.005519;0.994481;12039.1
8;176;0.000111;0.999889;13527.9
8;177;0.0532624;0.946738;16389.8
8;178;0.0434096;0.95659;17778.6
8;179;0.0437348;0.956265;17711.2
8;180;0.0509889;0.949011;16669
8;181;0.0455435;0.954456;16192.4
8;182;0;1;18080.4
8;183;0;1;17826.2
8;184;0;1;17359.7
8;185;0;1;17491.1
8;186;0;1;16439.3
8;187;0;1;14493.7
8;188;0;1;14627.5
8;189;0;1;15773.8
8;190;0;1;16203.6
8;191;0.0488439;0.951156;16835.6
8;192;0;1;17253.6
8;193;0;1;16986.2
8;194;0;1;16364.5
8;195;0.0587812;0.941219;16423.3
8;196;0.0430524;0.956948;15668
8;197;0.0592422;0.940758;14254.6
8;198;0.0356347;0.964365;13412.2
8;199;0.0309828;0.969017;12020.1
8;200;0;1;12340.5
8;201;0;1;13054.9
8;202;0;1;12372.6
8;203;0;1;11296
8;204;0;1;10392.2
8;205;5.55E-17;1;11216.5
8;206;0;1;13265
8;207;0;1;14431.9
8;208;0;1;13852.6
8;209;0;1;13160
8;210;0.0171711;0.982829;14589
8;211;0.0572875;0.942713;15111.4
8;212;0.0499837;0.950016;15134.6
8;213;0;1;13957.7
8;214;0;1;11884.8
8;215;0.018044;0.981956;12978.5
8;216;0;1;13414
8;217;0.040181;0.959819;12876.3
8;218;0.0307077;0.969292;12140.4
8;219;0.0339202;0.96608;12721.8
8;220;5.55E-17;1;12455.6
8;221;0;1;12256
8;222;0;1;12755.2
8;223;0.05177;0.94823;13027.5
8;224;0;1;13722.7
8;225;0;1;13419.1
8;226;0;1;13365.2
8;227;0;1;13537.3
8;228;0.042335;0.957665;13934.6
8;229;0.025151;0.974849;13972.2
8;230;0;1;14334.7
8;231;0.0595014;0.940499;14717.8
8;232;0;1;13897.2
8;233;0;1;12436.5
8;234;0;1;11247.8
8;235;0.002315;0.997685;10626.5
8;236;0;1;9799.55
8;237;0;1;8840.23
8;238;0.00176819;0.998232;8283.44
8;239;0.031621;0.968379;9772.84
8;240;0;1;12505.4
8;241;0.030043;0.969957;12613.6
8;242;0.0477211;0.952279;11500
8;243;0.00510847;0.994892;12121.3
8;244;0;1;11670.6
8;245;0;1;10365.9
8;246;0;1;8607.11
8;247;0.02746;0.97254;8978.84
8;248;0;1;9890.49
8;249;0;1;10688.9
8;250;0.0542134;0.945787;10511.7
8;251;0.0318549;0.968145;10243.1
8;252;0.042466;0.957534;10744.8
8;253;0;1;11774.1
8;254;0.030309;0.969691;13458.8
8;255;0.0538022;0.946198;14004.7
8;256;0;1;13996.4
8;257;0;1;13472.6
8;258;0;1;13765.4
8;259;0;1;12312
8;260;0.0111502;0.98885;10788.5
8;261;0.0385321;0.961468;10661
8;262;0;1;11816.4
8;263;0;1;12880.7
8;264;0.0156234;0.984377;13207.3
8;265;0;1;13512.6
8;266;0;1;14190.1
8;267;0;1;15517.4
8;268;0;1;15950.1
8;269;0;1;16335.8
8;270;0;1;15662.6
8;271;0;1;15131.6
8;272;0;1;13444.5
8;273;0;1;12475.5
8;274;0.0165427;0.983457;11931.2
8;275;0;1;11602
8;276;0;1;11655.6
8;277;0.0560232;0.943977;12451.4
8;278;0;1;13234.3
8;279;0;1;13568.6
8;280;0;1;13954.8
8;281;0.04152;0.95848;14473.3
8;282;0;1;13358.2
8;283;0;1;11476.8
9;0;0;0;1669.16
9;1;0;0;1775.9
9;2;0.00E+00;0;1812.54
9;3;0;0;2002.06
9;4;0;1;3625.57
9;5;0;1;5416.73
9;6;0;1;6822.05
9;7;0;1;8852.31
9;8;0;1;12178.6
9;9;0.0109165;0.989084;13005
9;10;0;1;13549.3
9;11;0;1;14050
9;12;0;1;15342
9;13;0.0293399;0.97066;16816.8
9;14;0;1;16640.7
9;15;0;1;14563.3
9;16;0;1;15760.5
9;17;0;1;16553.1
9;18;0;1;15019.9
9;19;0.0594012;0.940599;13412.9
9;20;0;1;12233.9
9;21;0;1;12101.3
9;22;0.0419096;0.95809;12810.8
9;23;0;1;13848.6
9;24;0;1;13788.6
9;25;0;1;13879.7
9;26;0;1;13163.3
9;27;0;1;11939.1
9;28;5.55E-17;1;12031.7
9;29;0;1;12492.3
9;30;0;1;12688.5
9;31;0.0398613;0.960139;13074.7
9;32;0;1;13892.7
9;33;0;1;14877.1
9;34;0;1;16093.9
9;35;0;1;17046.4
9;36;0;1;17607.4
9;37;0.0356766;0.964323;16727.2
9;38;0.0123607;0.987639;17352.6
9;39;0.0292939;0.970706;17640.6
9;40;0.0373785;0.962622;17483.1
9;41;0.0552561;0.944744;17363
9;42;0.0445723;0.955428;17863.8
9;43;1.78E-05;0.999982;17056.1
9;44;0;1;15093.6
9;45;0;1;14963.5
9;46;0;1;15703.5
9;47;0;1;15816.5
9;48;0.0294956;0.970504;13524.8
9;49;0.0514264;0.948574;10675.9
9;50;0.0241353;0.975865;11096.7
9;51;0.017402;0.982598;11925.4
9;52;0.021237;0.978763;11838.2
9;53;0;1;11892.4
9;54;0.0582941;0.941706;13000
9;55;0.0410784;0.958922;14445.3
9;56;0.00291693;0.997083;16394.2
9;57;0.0296988;0.970301;16295.3
9;58;0;1;15988.6
9;59;0.016171;0.983829;15711.5
9;60;0.052323;0.947677;14764.4
9;61;0.01592;0.98408;14546.7
9;62;0.00762996;0.99237;13651.2
9;63;0;1;14140.6
9;64;0.00100856;0.998991;15616.3
9;65;0.0211408;0.978859;17006.5
9;66;0.0398323;0.960168;17858.5
9;67;0;1;18302.4
9;68;0;1;18317.5
9;69;0;1;17023.3
9;70;0;1;14079.6
9;71;0;1;12462.5
9;72;0;1;11655.2
9;73;0;1;12313.2
9;74;0;1;13797
9;75;0;1;14454.8
9;76;0;1;16198.7
9;77;0;1;17403.2
9;78;0;1;17898.2
9;79;0;1;18120
9;80;0.0310033;0.968997;16832.5
9;81;0;1;15676.9
9;82;0;1;13859.7
9;83;0;1;15492.2
9;84;0;1;16899.4
9;85;0;1;16278.4
9;86;0.00168174;0.998318;15561.1
9;87;0.0229904;0.97701;15435.6
9;88;0;1;14123.6
9;89;0;1;12412.4
9;90;0.0527705;0.94723;11836
9;91;0;1;12704.7
9;92;0;1;12779.4
9;93;0;1;11488.7
9;94;0;1;11112.4
9;95;5.55E-17;1;11495.6
9;96;5.55E-17;1;13237.8
9;97;0;1;14228.6
9;98;0;1;14419.4
9;99;0;1;15324.5
9;100;0;1;15238.7
9;101;0;1;15181.2
9;102;0.0153011;0.984699;15447
9;103;0.000177822;0.999822;15596.6
9;104;0;1;15993
9;105;0;1;15726.4
9;106;0;1;16207.3
9;107;0;1;13547.1
9;108;0;1;10979.6
9;109;0;1;11519.7
9;110;0;1;13370.9
9;111;0;1;14524.5
9;112;0;1;14240.8
9;113;0;1;13543.9
9;114;0;1;14065.2
9;115;0;1;14881.6
9;116;0.0498204;0.95018;15933.1
9;117;0.0493039;0.950696;15840.4
9;118;0;1;15210
9;119;0.0594009;0.940599;16373.5
9;120;0.0535244;0.946476;16099.5
9;121;0.0336357;0.966364;15009.5
9;122;0;1;13034.5
9;123;0;1;13378.5
9;124;0;1;15100.5
9;125;0;1;15293
9;126;0;1;14433.2
9;127;0.009493;0.990507;13381
9;128;0;1;12124.6
9;129;0;1;11200.1
9;130;0;1;11810.2
9;131;0;1;12302.1
9;132;0;1;12460.7
9;133;0;1;12380.5
9;134;0;1;12868.4
9;135;0;1;14192.5
9;136;0.0346763;0.965324;15102.7
9;137;0;1;15546.5
9;138;0.0595711;0.940429;14961.7
9;139;0;1;14453.2
9;140;0.023838;0.976162;13557.7
9;141;0.017277;0.982723;13645.6
9;142;0.007357;0.992643;12949.4
9;143;0.045149;0.954851;13138.3
9;144;0.0406313;0.959369;15002.2
9;145;0;1;15442.7
9;146;0;1;16654.1
9;147;0;1;17428.6
9;148;0;1;18200.7
9;149;0.000224613;0.999775;18373.8
9;150;0.0279821;0.972018;18380.4
9;151;0.0349529;0.965047;17513.4
9;152;0;1;16656.6
9;153;0;1;15947.1
9;154;0;1;10686.8
9;155;0.039269;0.960731;8180.99
9;156;0.009192;0.990808;7575.73
9;157;0.0293266;0.970673;10409.1
9;158;0;1;14691.8
9;159;0;1;17091.5
9;160;0;1;17804.8
9;161;0.0363825;0.963618;18834.9
9;162;0.0565107;0.943489;18480.8
9;163;0.0192101;0.98079;18404.4
9;164;0;1;16788.3
9;165;0;1;16129.3
9;166;0.0255583;0.974442;16509.6
9;167;0;1;15683.2
9;168;0.032177;0.967823;15319
9;169;0.046408;0.953592;13721.7
9;170;0;1;13413.9
9;171;0;1;13177.3
9;172;0;1;14617.2
9;173;0;1;15403.3
9;174;0;1;16337.8
9;175;0;1;17312.7
9;176;0;1;18255.7
9;177;0.000313678;0.999686;17464.4
9;178;0.059683;0.940317;16275.7
9;179;0;1;14017.8
9;180;0.0244989;0.975501;13945.6
9;181;0.0236137;0.976386;14573.5
9;182;0;1;15568.5
9;183;0;1;16321
9;184;0;1;16175.5
9;185;0;1;16603.5
9;186;0;1;15275
9;187;0.0344374;0.965563;13252.1
9;188;0.0234331;0.976567;13756.4
9;189;0;1;14634.9
9;190;0;1;15059.7
9;191;0.001178;0.998822;13624.3
9;192;0.055225;0.944775;11850.7
9;193;0;1;11870.2
9;194;0;1;11752.8
9;195;0;1;12278.4
9;196;0;1;13492
9;197;0;1;15880.5
9;198;0.00706565;0.992934;16835.7
9;199;0.0132435;0.986756;16336.2
9;200;0;1;16359.1
9;201;0;1;16224.1
9;202;0.0526418;0.947358;15963.5
9;203;0;1;15305.5
9;204;0;1;14549.5
9;205;0;1;11791
9;206;0;1;10486.2
9;207;0.052289;0.947711;11554.7
9;208;0.011981;0.988019;12220.3
9;209;0.009349;0.990651;12541.8
9;210;0.003006;0.996994;12863.4
9;211;0;1;12640.1
9;212;0;1;13307.8
9;213;0.0515595;0.948441;13895.2
9;214;0.00196197;0.998038;13935
9;215;0;1;13635.3
9;216;0;1;12095.2
9;217;0.0407207;0.959279;9560.24
9;218;0;1;9806.25
9;219;0;1;10153.7
9;220;0.040257;0.959743;10018.9
9;221;0;1;11139.4
9;222;0;1;14264.3
9;223;0.035206;0.964794;14692.5
9;224;0;1;14110.1
9;225;0;1;12894.5
9;226;0.0196743;0.980326;11435.2
9;227;0.020008;0.979992;11674.5
9;228;0.054552;0.945448;11810.6
9;229;0.021319;0.978681;11880.2
9;230;0;1;11811.1
9;231;0;1;12446.3
9;232;0.009994;0.990006;13281.6
9;233;0;1;12974
9;234;0;1;13439.5
9;235;0.0448639;0.955136;12685.5
9;236;0.0199111;0.980089;12224.2
9;237;0;1;11752.3
9;238;0;1;11671.6
9;239;0;1;11247.8
9;240;0;1;11475.8
9;241;0;1;13363.9
9;242;0.0257089;0.974291;14419.7
9;243;0.00534072;0.994659;14855.1
9;244;0;1;14690.8
9;245;0;1;14179.2
9;246;0;1;13337.6
9;247;0;1;13642.2
9;248;0;1;14783.8
9;249;0;1;16020.5
9;250;0;1;16366.6
9;251;0;1;15703.9
9;252;0;1;14189.7
9;253;0;1;10962.5
9;254;0.0562306;0.943769;10850.9
9;255;0.010791;0.989209;11475.7
9;256;0.021303;0.978697;12954.6
9;257;0;1;13819.7
9;258;0;1;14550.3
9;259;0;1;14940.2
9;260;5.55E-17;1;14147.9
9;261;0;1;14172.9
9;262;0;1;14886.9
9;263;0;1;14929.1
9;264;0.00733146;0.992669;12403.9
9;265;0.024718;0.975282;10208.5
9;266;0;1;10326.7
9;267;0;1;11957
9;268;0;1;12337.3
9;269;0;1;12615
9;270;0.050379;0.949621;12688.2
9;271;0.046919;0.953081;12993.2
9;272;0.007512;0.992488;11251.3
9;273;0;1;9293.91
9;274;0;1;8996.76
9;275;0;1;9981.24
9;276;0;1;10555.4
9;277;0.000972;0.999028;11615.3
9;278;0;1;14134.3
9;279;0;1;15237.1
9;280;0.0416427;0.958357;13867.4
9;281;0;1;13680.2
9;282;0;1;14307
9;283;0.00555618;0.994444;15098.7
10;0;0.00E+00;0;1746.44
10;1;0;0;2091.57
10;2;0;0;3786.34
10;3;0;1;6404.06
10;4;0;1;8517.38
10;5;0;1;8905.38
10;6;0.0112217;0.988778;10206.7
10;7;0;1;10424.5
10;8;0.017565;0.982435;10245.8
10;9;0;1;8488.54
10;10;0;1;8671.4
10;11;0;1;9395.28
10;12;0;1;12529
10;13;0.0295689;0.970431;14991.9
10;14;0.0227759;0.977224;16534.4
10;15;0;1;15833.5
10;16;0;1;15666.9
10;17;0;1;14221.1
10;18;0;1;12096.4
10;19;0;1;11235.4
10;20;0;1;12983.1
10;21;0;1;15287.3
10;22;0.00615578;0.993844;16401.5
10;23;0;1;15793.2
10;24;0;1;14196.9
10;25;0;1;12885.7
10;26;0.0535915;0.946408;12327.1
10;27;0;1;13694.9
10;28;0;1;14275.6
10;29;0;1;14329.1
10;30;0;1;14624.6
10;31;0;1;15998.7
10;32;0;1;15505.5
10;33;0;1;15314.3
10;34;0.00431789;0.995682;14872.6
10;35;0;1;14321
10;36;0;1;14444.5
10;37;0;1;13502.8
10;38;0;1;13939.4
10;39;0;1;13287.8
10;40;0;1;12992.8
10;41;0;1;12670.8
10;42;0;1;12412.7
10;43;0.020919;0.979081;11678.1
10;44;0;1;12011.8
10;45;0;1;13409.3
10;46;0;1;14477
10;47;0;1;14201.6
10;48;0;1;12446.6
10;49;0;1;11362.4
10;50;0;1;12589.9
10;51;0;1;14139.6
10;52;0;1;14186.3
10;53;0;1;14822.2
10;54;0;1;14778.5
10;55;0.0365298;0.96347;13620.7
10;56;0;1;13437.8
10;57;0.020979;0.979021;13132.8
10;58;0.00208003;0.99792;12762.1
10;59;0;1;14221.8
10;60;0;1;15817
10;61;0;1;15383.9
10;62;0;1;13461.9
10;63;0;1;12365
10;64;0.0264651;0.973535;13653.9
10;65;0;1;16677.8
10;66;0;1;18256.3
10;67;0.0284444;0.971556;18708
10;68;0.0508887;0.949111;19023.5
10;69;0.0403448;0.959655;17204.3
10;70;0.0520669;0.947933;15581.4
10;71;0;1;14614.1
10;72;0;1;12934.4
10;73;0.021635;0.978365;13247.5
10;74;0;1;14399.1
10;75;0;1;15851.3
10;76;0.0189716;0.981028;16967
10;77;0.0498897;0.95011;17270.1
10;78;0.0451758;0.954824;16790.4
10;79;0.0399708;0.960029;17383.9
10;80;0.0253191;0.974681;18169.9
10;81;0;1;18546.5
10;82;5.55E-17;1;17502.1
10;83;0;1;17044.6
10;84;0.0132844;0.986716;16842.8
10;85;0;1;15286
10;86;0;1;12332
10;87;0;1;11255
10;88;0;1;10840.5
10;89;0;1;10581.6
10;90;0;1;12411.3
10;91;0.0538199;0.94618;13591.7
10;92;0.0497779;0.950222;13752.8
10;93;0;1;12545.2
10;94;0.0380936;0.961906;12427.8
10;95;0.040386;0.959614;13927.4
10;96;0;1;15150.4
10;97;0;1;14226.1
10;98;0;1;14407.9
10;99;0;1;14654.6
10;100;0;1;15628.8
10;101;0;1;15193
10;102;0;1;14267.8
10;103;0;1;14576.3
10;104;0.00155233;0.998448;16105.5
10;105;0.0178283;0.982172;16754.9
10;106;0.0312564;0.968744;16715
10;107;0;1;15839.2
10;108;0;1;13732.5
10;109;0;1;12796.5
10;110;0.000587468;0.999413;12430.6
10;111;0.0318027;0.968197;13268.9
10;112;0.0365861;0.963414;13423.2
10;113;0;1;13243.1
10;114;0;1;13667.5
10;115;0.00974181;0.990258;14992.3
10;116;0.0386428;0.961357;15522.9
10;117;0.0308508;0.969149;15490.1
10;118;0.0270237;0.972976;14898.9
10;119;0.0382055;0.961795;15326.4
10;120;0;1;14029.2
10;121;0.0476869;0.952313;13063.5
10;122;0.0365061;0.963494;13286.9
10;123;0.010523;0.989477;14054.7
10;124;0.0224711;0.977529;14584.2
10;125;0.00864414;0.991356;14514.6
10;126;0;1;13649.6
10;127;0;1;13160.5
10;128;0;1;13756.1
10;129;0;1;14069.8
10;130;5.55E-17;1;13806.7
10;131;0;1;12075.1
10;132;0;1;9977.14
10;133;0;1;9708.8
10;134;0;1;9816.47
10;135;0;1;10508.3
10;136;0;1;11866.2
10;137;0.001599;0.998401;13044
10;138;0;1;12292.1
10;139;0.0143434;0.985657;11416.4
10;140;0;1;12536.1
10;141;0;1;13758
10;142;0.00603332;0.993967;14771.3
10;143;0;1;14252.3
10;144;0;1;14307.9
10;145;0;1;13745.7
10;146;0.041859;0.958141;14557.2
10;147;0.025459;0.974541;14592.6
10;148;0.018871;0.981129;14307
10;149;0;1;13426.5
10;150;0.017617;0.982383;12765.7
10;151;0.04201;0.95799;11895.9
10;152;0;1;11119.3
10;153;0;1;10874.6
10;154;0.015394;0.984606;9177.23
10;155;0;1;8852.52
10;156;0;1;8619.54
10;157;0.0597794;0.940221;9987.14
10;158;0.012116;0.987884;12430.2
10;159;0.010823;0.989177;14307.3
10;160;0.015217;0.984783;14551.6
10;161;0.030443;0.969557;14591.8
10;162;0.052442;0.947558;13852.6
10;163;0.046716;0.953284;13454.3
10;164;0.032521;0.967479;13206.7
10;165;0.0535625;0.946438;15641.5
10;166;0;1;17037.3
10;167;0;1;17520.1
10;168;0;1;17497.1
10;169;0;1;17591.5
10;170;5.55E-17;1;17607.6
10;171;0;1;17216.3
10;172;0.010144;0.989856;17064
10;173;0;1;17256.6
10;174;0.0478214;0.952179;18466.8
10;175;0.0445313;0.955469;19254.7
10;176;0.0465116;0.953488;19390.7
10;177;0.0512607;0.948739;17701.3
10;178;0.0281664;0.971834;15648.1
10;179;0;1;14300.3
10;180;0.0425455;0.957455;13020.6
10;181;0.013904;0.986096;11868.2
10;182;0.048742;0.951258;11440
10;183;0.033761;0.966239;11721.4
10;184;0;1;12006.3
10;185;0.0490739;0.950926;12710
10;186;0.0315297;0.96847;13795.8
10;187;0.036424;0.963576;13280.5
10;188;0;1;12993.3
10;189;0.000922;0.999078;12915.2
10;190;0.010342;0.989658;12814.6
10;191;0.0183432;0.981657;12408.5
10;192;0;1;11679.1
10;193;0;1;10708.9
10;194;0.0062554;0.993745;9797
10;195;0.0340277;0.965972;10365.3
10;196;0.0138191;0.986181;12757.1
10;197;0;1;14712.6
10;198;0.0177;0.9823;15076.9
10;199;0.004569;0.995431;14281.6
10;200;0.005805;0.994195;13414.4
10;201;0.043429;0.956571;12489.6
10;202;0;1;11820.7
10;203;0;1;11366.6
10;204;0;1;10007.3
10;205;0;1;8810.69
10;206;0.044888;0.955112;9601.75
10;207;0;1;11741.4
10;208;0;1;13757.4
10;209;0;1;14668.8
10;210;0;1;14899.6
10;211;0;1;14177.5
10;212;0.00157258;0.998427;12687
10;213;0;1;12721.4
10;214;0;1;13297.4
10;215;0.0342461;0.965754;13693.2
10;216;0;1;12564.2
10;217;0;1;11412.2
10;218;0;1;10502.1
10;219;0;1;11057.3
10;220;0;1;12948.3
10;221;0;1;13676.3
10;222;0;1;15201.6
10;223;0.0320231;0.967977;15941.8
10;224;0.0166189;0.983381;14632.7
10;225;0;1;13410.2
10;226;0;1;11047.9
10;227;0.0585576;0.941442;10534.3
10;228;0;1;10854.2
10;229;0.0323269;0.967673;11043.8
10;230;0;1;11950.8
10;231;0.0526991;0.947301;13383.3
10;232;0.033611;0.966389;13816.3
10;233;0.0203421;0.979658;13649.6
10;234;0;1;13179.4
10;235;0.020633;0.979367;12458.1
10;236;0.011525;0.988475;11561.6
10;237;0.017049;0.982951;10152.4
10;238;0.004186;0.995814;11088.8
10;239;0.01612;0.98388;12278.4
10;240;0;1;13393.4
10;241;0;1;14111.1
10;242;0;1;13883.9
10;243;0.02072;0.97928;14172.9
10;244;0.012176;0.987824;13442.3
10;245;0;1;14371.2
10;246;0.0391126;0.960887;16286.1
10;247;0.00669961;0.9933;15352.1
10;248;0.0169405;0.98306;13407.4
10;249;0.035369;0.964631;13206.5
10;250;0;1;14645.4
10;251;0;1;14600.6
10;252;0.025945;0.974055;14850.7
10;253;0.0445172;0.955483;13605.1
10;254;0;1;12410
10;255;0;1;12050.7
10;256;0;1;12296.8
10;257;0.050202;0.949798;13411.6
10;258;0.022159;0.977841;13757.2
10;259;0;1;14143.3
10;260;0;1;14604.6
10;261;0;1;16247.5
10;262;0;1;17241.2
10;263;0.0299379;0.970062;17364.7
10;264;0;1;15104.4
10;265;0;1;13971.1
10;266;0;1;13760.4
10;267;0;1;14344.7
10;268;0;1;12475.5
10;269;0;1;11881.7
10;270;0.0059733;0.994027;13061.5
10;271;0;1;13384.8
10;272;0;1;12109.4
10;273;0;1;11935
10;274;0;1;14471.4
10;275;0;1;15833.4
10;276;5.55E-17;1;16464.8
10;277;5.55E-17;1;15988.9
10;278;0.0075203;0.99248;16900.8
10;279;0.0419347;0.958065;17517.3
10;280;0.0173271;0.982673;17606.3
10;281;0;1;17460.8
10;282;0.0350614;0.964939;18139.5
10;283;0.0504368;0.949563;18754.8
11;0;0.00E+00;0;1649.45
11;1;0;0;1861.68
11;2;0;0;2882.68
11;3;0;0;4397.64
11;4;0;1;5266.9
11;5;0;1;5304.83
11;6;0;1;7369.61
11;7;0;1;9378.83
11;8;0;1;9817.89
11;9;0;1;11425.7
11;10;0;1;11739.4
11;11;0;1;11600.3
11;12;0.00287888;0.997121;12679.7
11;13;0.0327016;0.967298;13995.4
11;14;0.0185773;0.981423;14661.7
11;15;0.0465017;0.953498;15375.8
11;16;0.0140331;0.985967;14975.5
11;17;0;1;14325.9
11;18;0;1;13386.5
11;19;0;1;13892.2
11;20;0.0297363;0.970264;16076.2
11;21;0;1;17223.9
11;22;0;1;18075.7
11;23;0.0341232;0.965877;17736.5
11;24;0;1;16712.5
11;25;0;1;14400.6
11;26;0;1;14086
11;27;0.0299671;0.970033;15325
11;28;0.015796;0.984204;16721
11;29;0.023341;0.976659;16094.3
11;30;0;1;14508.3
11;31;0;1;14804.7
11;32;0;1;14731.1
11;33;0;1;14391.9
11;34;0;1;13677.1
11;35;0;1;13992
11;36;0.0291759;0.970824;14380.7
11;37;0;1;15115.9
11;38;0;1;16700.5
11;39;0;1;15820
11;40;0.0269396;0.97306;15698.8
11;41;0;1;13040.5
11;42;0;1;12489.7
11;43;0;1;13389.5
11;44;0;1;16082.4
11;45;0.0306179;0.969382;17209.1
11;46;0;1;17121.4
11;47;0;1;17250
11;48;0;1;17367.2
11;49;5.55E-17;1;16380
11;50;0;1;16929.6
11;51;0;1;17914.9
11;52;0.0374256;0.962574;17574
11;53;0.0517519;0.948248;16416.2
11;54;0.0419541;0.958046;14634.8
11;55;0;1;14419.7
11;56;0;1;14762.3
11;57;0;1;14430.6
11;58;0;1;14684.2
11;59;0.0229394;0.977061;15266.8
11;60;0;1;14922.6
11;61;0.0301324;0.969868;14586.1
11;62;0;1;15532.9
11;63;0;1;15434.8
11;64;0;1;14436.4
11;65;0.0227316;0.977268;15926.8
11;66;0;1;15744.9
11;67;0;1;15838.1
11;68;0;1;16706.1
11;69;0.010467;0.989533;16096.9
11;70;0.0540722;0.945928;14585.7
11;71;0;1;14535
11;72;0;1;14558.4
11;73;0.0435177;0.956482;14143.1
11;74;0;1;14448.6
11;75;0;1;14362
11;76;0;1;13073.4
11;77;0;1;12793.2
11;78;0;1;12451.2
11;79;0;1;13114.5
11;80;0.0367827;0.963217;16364.7
11;81;0;1;16931.4
11;82;0.007331;0.992669;16483.4
11;83;0;1;15914.7
11;84;0.0316758;0.968324;15418.7
11;85;0;1;14561.8
11;86;0;1;14636.8
11;87;0;1;13111.1
11;88;0;1;12873.3
11;89;0;1;13689.4
11;90;0.0195759;0.980424;14416.6
11;91;0;1;15854.9
11;92;5.55E-17;1;16498
11;93;0;1;17220
11;94;0;1;18539.8
11;95;0.0411543;0.958846;18322.2
11;96;0.054532;0.945468;17271.8
11;97;0;1;16134.2
11;98;0;1;16321.4
11;99;0;1;16827.1
11;100;0;1;17360.4
11;101;0;1;17730.3
11;102;0;1;17111.1
11;103;0.025128;0.974872;16004.9
11;104;0;1;14692.6
11;105;0.0286738;0.971326;17408.9
11;106;0.00612331;0.993877;17900.3
11;107;0.019967;0.980033;17549.7
11;108;0.0144257;0.985574;17130.5
11;109;0;1;15722
11;110;0;1;14430.9
11;111;0.0168741;0.983126;14898.6
11;112;0;1;13892
11;113;0;1;13062.5
11;114;0;1;12283.3
11;115;0.0265739;0.973426;13425.9
11;116;0;1;14140.6
11;117;0;1;14370.1
11;118;0;1;14639.1
11;119;0;1;15013.3
11;120;0;1;13940.5
11;121;0;1;13483.7
11;122;0;1;14222.1
11;123;0;1;14435.7
11;124;0;1;14667.2
11;125;0;1;15091.4
11;126;0;1;13075.9
11;127;0.0356168;0.964383;12563.8
11;128;0.0241453;0.975855;13978.4
11;129;0.0162647;0.983735;14740.4
11;130;0;1;14741.9
11;131;0;1;13298.4
11;132;0;1;10993
11;133;0;1;11585.7
11;134;5.55E-17;1;12985.4
11;135;5.55E-17;1;13159.5
11;136;0.0428345;0.957165;11952.3
11;137;0;1;9628.48
11;138;0.058041;0.941959;9226.93
11;139;0;1;9266.91
11;140;0;1;10768.9
11;141;0;1;12217.6
11;142;0;1;13994.6
11;143;0.0515633;0.948437;13517.4
11;144;0;1;13486.2
11;145;0;1;14049.4
11;146;5.55E-17;1;14277
11;147;0;1;14617.6
11;148;0;1;14355.8
11;149;0;1;13339.9
11;150;0;1;9709.87
11;151;0;1;10883
11;152;0;1;12412.1
11;153;0;1;12621.7
11;154;0;1;13156.9
11;155;0;1;11632
11;156;0;1;10617.8
11;157;0.0384958;0.961504;10493.2
11;158;0.0233414;0.976659;11127.1
11;159;0;1;12295.8
11;160;0;1;12411.9
11;161;0;1;11067
11;162;0;1;10526.5
11;163;0;1;11176.6
11;164;0;1;12928.3
11;165;0;1;15701.9
11;166;0.0510804;0.94892;16227.8
11;167;0;1;16701.3
11;168;0;1;17135.9
11;169;0.002838;0.997162;17474
11;170;0;1;18439.2
11;171;0.0537001;0.9463;17662.3
11;172;0.0494652;0.950535;16998.6
11;173;0;1;16912.3
11;174;0;1;16908.9
11;175;0;1;16536.5
11;176;0;1;16844.4
11;177;0.0383167;0.961683;16904.4
11;178;0.00689493;0.993105;17142.7
11;179;0;1;15923.4
11;180;0;1;15674.1
11;181;5.55E-17;1;14385.9
11;182;0;1;10233.1
11;183;0;1;10461.3
11;184;0;1;12445.5
11;185;0;1;14365.9
11;186;0;1;15017.1
11;187;0;1;14495.8
11;188;0.0164846;0.983515;13560.8
11;189;0.0229659;0.977034;12994.6
11;190;0.0545352;0.945465;12706.8
11;191;0;1;12965.4
11;192;0.000172;0.999828;13346.8
11;193;0;1;11396.7
11;194;0.011377;0.988623;9920.7
11;195;0;1;9596.04
11;196;0.055767;0.944233;10913.1
11;197;0;1;12581.8
11;198;0;1;12248.2
11;199;0;1;10831.1
11;200;0;1;10453.7
11;201;0.05521;0.94479;9782.29
11;202;0.030927;0.969073;8515.83
11;203;0.0590865;0.940914;10540.3
11;204;0;1;12913.6
11;205;5.55E-17;1;14536.3
11;206;0;1;15900.5
11;207;0;1;13538.6
11;208;0;1;12440.4
11;209;0;1;11002.6
11;210;0;1;11290.5
11;211;0.026038;0.973962;12881.2
11;212;0;1;12600.5
11;213;0;1;10315.1
11;214;0;1;9388.24
11;215;0.053599;0.946401;8870.26
11;216;0;1;9042.27
11;217;0;1;9265.26
11;218;0;1;8622.77
11;219;0.0029326;0.997067;9245.48
11;220;0;1;11258.6
11;221;0.00995331;0.990047;11641
11;222;0.0373464;0.962654;11828.1
11;223;0;1;13623.4
11;224;0.0462604;0.95374;13458.9
11;225;0;1;12178.2
11;226;0;1;11306.6
11;227;0;1;12147.3
11;228;0;1;14215.9
11;229;0;1;14938.2
11;230;0;1;15397.4
11;231;0;1;15957.3
11;232;0;1;15586.6
11;233;0;1;12179.7
11;234;0;1;11661.4
11;235;0.052445;0.947555;13073.8
11;236;0;1;13662.1
11;237;0;1;14949.2
11;238;0;1;16477.3
11;239;0;1;15879.8
11;240;0;1;16366.7
11;241;0;1;16511.5
11;242;0;1;15801.3
11;243;0;1;15777.6
11;244;5.55E-17;1;14968.2
11;245;0;1;13587.7
11;246;0.01913;0.98087;16129
11;247;0;1;16129.7
11;248;0.0543497;0.94565;16054.2
11;249;0.0190475;0.980952;16220.3
11;250;0.0274986;0.972501;16999.2
11;251;0.0390363;0.960964;16671
11;252;0;1;16700.5
11;253;0;1;17193
11;254;0.00633775;0.993662;17137.4
11;255;0;1;16102.9
11;256;0;1;14794.7
11;257;0;1;14171.5
11;258;0;1;13037.9
11;259;0;1;13752
11;260;0.0477417;0.952258;15677.3
11;261;0.0488687;0.951131;16236.2
11;262;0.0456366;0.954363;15956.5
11;263;0.0238125;0.976188;15343.2
11;264;0.0145592;0.985441;13094.1
11;265;0.0100832;0.989917;11971.6
11;266;0.0587111;0.941289;12386.3
11;267;0;1;13711.1
11;268;0.0263998;0.9736;13259.2
11;269;0;1;11702
11;270;0;1;11462.9
11;271;0.000321;0.999679;14284.7
11;272;0.057293;0.942707;15748.9
11;273;0;1;16213
11;274;0.0339194;0.966081;16493.3
11;275;0;1;16734.2
11;276;0;1;17180.4
11;277;0.0526407;0.947359;16676.3
11;278;0.0195888;0.980411;16052.7
11;279;0.0154288;0.984571;15688.1
11;280;0;1;15797.4
11;281;0;1;15959.8
11;282;0;1;15742.6
11;283;0;1;16235.6
12;0;0;0;1784
12;1;0;0;1938.79
12;2;0;0;2181.24
12;3;0;0;2543.73
12;4;0;0;2876.45
12;5;0;1;4671.36
12;6;0;1;7103.48
12;7;0;1;9641.6
12;8;0.0200674;0.979933;11300
12;9;0.0424515;0.957549;12756.4
12;10;0.0417589;0.958241;14584
12;11;0;1;15585.5
12;12;0.00845526;0.991545;15416
12;13;0.0229853;0.977015;16237.8
12;14;0;1;15471.5
12;15;0;1;14674.9
12;16;0;1;15848.9
12;17;0;1;16374.6
12;18;0.0226324;0.977368;15349.8
12;19;0;1;14625
12;20;0;1;15919.1
12;21;0;1;16549.3
12;22;0.052486;0.947514;17566.3
12;23;0;1;16735
12;24;0.0491939;0.950806;15908.7
12;25;0;1;13792.6
12;26;0;1;13199.5
12;27;0;1;13544.1
12;28;0;1;15313.7
12;29;0;1;15911.7
12;30;0.051196;0.948804;16229.2
12;31;0;1;16676
12;32;0.0406383;0.959362;17738.8
12;33;0;1;17186.7
12;34;0.0263653;0.973635;14959.9
12;35;0.0159067;0.984093;16321.7
12;36;0.0223029;0.977697;16164.9
12;37;0;1;15641.8
12;38;0.0177188;0.982281;17560
12;39;0.0446873;0.955313;16834.1
12;40;0;1;16841.9
12;41;0;1;15738.1
12;42;0;1;16596.2
12;43;0.0100539;0.989946;17060.7
12;44;0;1;17492.3
12;45;0.0395241;0.960476;17750.7
12;46;0.0415433;0.958457;18324.8
12;47;0.0377419;0.962258;19248.9
12;48;0.0423247;0.957675;19184.1
12;49;0.0459908;0.954009;18647.2
12;50;0;1;16525.1
12;51;0;1;14756.8
12;52;0;1;13007.3
12;53;0;1;12649.3
12;54;0;1;12477.3
12;55;0.0107898;0.98921;14698.8
12;56;0.0301455;0.969855;16405.6
12;57;0;1;16756.8
12;58;0.0231763;0.976824;16526.4
12;59;0.029517;0.970483;14563.7
12;60;0;1;12004.7
12;61;0.0112309;0.988769;11763.2
12;62;0;1;13353.8
12;63;0;1;13619.5
12;64;0;1;13258.1
12;65;0;1;13895.4
12;66;0.0324022;0.967598;13908.2
12;67;0.028824;0.971176;14176.5
12;68;0.031393;0.968607;15007.1
12;69;0;1;15266.6
12;70;0;1;13851.4
12;71;5.55E-17;1;15831.2
12;72;0;1;16321.6
12;73;0;1;15800.9
12;74;0.00545365;0.994546;14619.5
12;75;0.0137829;0.986217;14036.5
12;76;0.00592128;0.994079;12603.9
12;77;0.0226672;0.977333;12038.7
12;78;0.0132199;0.98678;11028.3
12;79;5.55E-17;1;12336.7
12;80;0;1;14971.8
12;81;0;1;16354.2
12;82;0;1;17770.9
12;83;0;1;17429.6
12;84;0.0277275;0.972272;16561.4
12;85;0;1;14673.9
12;86;0;1;14138.7
12;87;0;1;13385.8
12;88;0;1;15189.1
12;89;5.55E-17;1;16662.9
12;90;0;1;16444.2
12;91;0;1;17336
12;92;0;1;18357.9
12;93;0.0360032;0.963997;18754.5
12;94;0.0400252;0.959975;19727.8
12;95;0.0507077;0.949292;18837.8
12;96;0;1;17516.3
12;97;0;1;15446.2
12;98;0;1;14803.1
12;99;0.028164;0.971836;14458.7
12;100;0.004674;0.995326;14410.7
12;101;0;1;15130.4
12;102;0.0502153;0.949785;15563
12;103;0;1;15856.9
12;104;5.55E-17;1;15270.9
12;105;0.0457181;0.954282;16038
12;106;0.0506549;0.949345;15851.6
12;107;0;1;16306.8
12;108;0;1;17696.9
12;109;0;1;17550.2
12;110;0;1;17361.3
12;111;5.55E-17;1;16791.6
12;112;0;1;17089.9
12;113;0;1;17011
12;114;0;1;16052.3
12;115;0;1;13784.7
12;116;0.01472;0.98528;11024.2
12;117;0;1;10173.2
12;118;0;1;10421.5
12;119;0;1;10875.6
12;120;0;1;11783.7
12;121;0.0197788;0.980221;13112.6
12;122;0.0129119;0.987088;13606.9
12;123;0.00903305;0.990967;13684.1
12;124;0;1;11979.3
12;125;0;1;11169.8
12;126;0;1;11600.9
12;127;0;1;12357
12;128;0;1;12875.2
12;129;0;1;12726.3
12;130;0;1;13055.2
12;131;0;1;14412.3
12;132;0;1;14083.2
12;133;5.55E-17;1;13907.6
12;134;0.0413177;0.958682;12956.8
12;135;0;1;11362.6
12;136;0;1;10210.4
12;137;0.0177538;0.982246;9094.99
12;138;0;1;9012.8
12;139;0;1;10114.9
12;140;0;1;11154.9
12;141;0;1;12224.1
12;142;0;1;12978
12;143;0;1;11898.7
12;144;0;1;11610
12;145;0;1;10999.6
12;146;0.005731;0.994269;10589.8
12;147;0.002393;0.997607;10465.2
12;148;0.003348;0.996652;10160.2
12;149;0;1;9504.93
12;150;0;1;8720.41
12;151;0.0484836;0.951516;13076
12;152;0;1;15369.3
12;153;0;1;16249.7
12;154;0;1;16861
12;155;0;1;16076.3
12;156;0;1;15495.4
12;157;0;1;13942.5
12;158;0.0437632;0.956237;12929.7
12;159;0;1;13134.4
12;160;0.018918;0.981082;13622.8
12;161;0.009269;0.990731;12063.2
12;162;0;1;12221.7
12;163;0;1;13047.8
12;164;0;1;14839.6
12;165;0.0226168;0.977383;15180
12;166;0;1;13212.5
12;167;0;1;12652
12;168;0;1;12420.1
12;169;0;1;14118.1
12;170;0.014294;0.985706;15176.8
12;171;0.032071;0.967929;16242.8
12;172;0.002398;0.997602;16259.8
12;173;0.0369241;0.963076;16917.2
12;174;0.0277325;0.972268;17380.7
12;175;0;1;17207
12;176;0;1;16754.2
12;177;0;1;16974.9
12;178;0;1;16172.2
12;179;0;1;14165.5
12;180;0.0121663;0.987834;14793.1
12;181;0;1;14572.8
12;182;0;1;13138.6
12;183;0;1;13638.8
12;184;0;1;16312.1
12;185;0;1;17441.7
12;186;0;1;17458.1
12;187;0;1;16743.4
12;188;0;1;16175.7
12;189;0;1;14820.1
12;190;0;1;14979.9
12;191;0.0165656;0.983434;15317.6
12;192;0.00361231;0.996388;15832.8
12;193;0;1;15422.3
12;194;0;1;15341
12;195;5.55E-17;1;15033
12;196;0;1;14405.9
12;197;0;1;12644.7
12;198;0.0377334;0.962267;11528.2
12;199;0.0376958;0.962304;11189.9
12;200;0.0410861;0.958914;10911.1
12;201;0;1;11508.7
12;202;0;1;11718.1
12;203;0.047744;0.952256;12770.3
12;204;0.006363;0.993637;14203.2
12;205;0;1;14978.1
12;206;0.006389;0.993611;16041.9
12;207;0.0237191;0.976281;16539.3
12;208;0;1;16061.5
12;209;0;1;14314.7
12;210;0;1;11885.7
12;211;0.0180911;0.981909;11211.7
12;212;0;1;10397.1
12;213;0;1;10444
12;214;0;1;10589.9
12;215;0;1;10986.2
12;216;0;1;13557.6
12;217;0;1;14718.5
12;218;0;1;14748.3
12;219;0;1;13499.1
12;220;0;1;10793.7
12;221;0;1;9005.16
12;222;0;1;8638.87
12;223;0.0517315;0.948268;9514.87
12;224;0;1;10673.3
12;225;0;1;11641.6
12;226;0;1;12343.9
12;227;0.0103942;0.989606;12027.9
12;228;0.033135;0.966865;13154.5
12;229;0.030895;0.969105;15339
12;230;0;1;15436.1
12;231;0.0343629;0.965637;14938.3
12;232;0.0363653;0.963635;14113
12;233;0.0196508;0.980349;10660.3
12;234;0;1;9096.47
12;235;0;1;10195
12;236;0;1;11733.4
12;237;0.035563;0.964437;12627.8
12;238;0;1;13525.5
12;239;0;1;13623.5
12;240;0.046515;0.953485;14910.3
12;241;0.036099;0.963901;16114.2
12;242;0;1;16744
12;243;0.000126785;0.999873;16368.8
12;244;0;1;15580.8
12;245;0;1;16000.1
12;246;0.00477469;0.995225;17340.3
12;247;0.0314955;0.968504;18308.9
12;248;0.052588;0.947412;18511.2
12;249;0;1;18377.3
12;250;0.0591264;0.940874;17353.4
12;251;0.0517794;0.948221;17631
12;252;0.0251195;0.97488;16707.4
12;253;0;1;15113.8
12;254;0.0141569;0.985843;14989.1
12;255;0.026407;0.973593;15075.9
12;256;0;1;14370.7
12;257;5.55E-17;1;13437.4
12;258;5.55E-17;1;12415.5
12;259;0.0474581;0.952542;13080.8
12;260;0;1;13664.7
12;261;0;1;13424.3
12;262;0;1;13738.4
12;263;0.0481127;0.951887;14051.8
12;264;0;1;13721.9
12;265;0;1;13821.5
12;266;0;1;14758
12;267;0;1;15505.7
12;268;0;1;14461.5
12;269;0;1;13763.4
12;270;0;1;12254.3
12;271;0.0505113;0.949489;13176.1
12;272;0;1;14920.1
12;273;0;1;15433.6
12;274;0.001855;0.998145;14997.4
12;275;0;1;14835.7
12;276;0;1;15161.4
12;277;0;1;14874.1
12;278;0.0511599;0.94884;12694.3
12;279;0.0362346;0.963765;10872.6
12;280;0.0346487;0.965351;10397.5
12;281;0;1;10095.2
12;282;0;1;10063.6
12;283;0;1;9968.61
13;0;0;0;1740.51
13;1;0;0;2045.61
13;2;0;0;2382.84
13;3;0;0;3796.52
13;4;0;1;5757.32
13;5;0;1;7054.6
13;6;0;1;7797.52
13;7;0;1;9940.87
13;8;0;1;11914.8
13;9;0;1;12595.2
13;10;0;1;14119.7
13;11;0;1;14397.8
13;12;0;1;13483.8
13;13;0;1;13272.2
13;14;0;1;12584.4
13;15;0;1;12002.3
13;16;0.0489006;0.951099;13477.5
13;17;0;1;14879.1
13;18;0;1;15249.8
13;19;0;1;14672.6
13;20;0;1;15824.6
13;21;0;1;15716.6
13;22;0;1;15593.1
13;23;0;1;15260.3
13;24;0.0464923;0.953508;15623.4
13;25;0.0196881;0.980312;14771.1
13;26;0.010868;0.989132;13479.4
13;27;0.0170034;0.982997;13476.7
13;28;0.0463837;0.953616;13306.5
13;29;0;1;13236.9
13;30;0;1;15173.7
13;31;0;1;16686.9
13;32;0;1;18307.4
13;33;0;1;18283.3
13;34;0;1;16560.3
13;35;0;1;16420.7
13;36;0.0155054;0.984495;15269.6
13;37;0;1;15075.1
13;38;0;1;15768.6
13;39;0;1;16867.3
13;40;0.0122982;0.987702;17034.8
13;41;0.0469495;0.953051;16820.7
13;42;0;1;15904
13;43;0;1;14556
13;44;0;1;14895.2
13;45;0;1;16413.4
13;46;0;1;17158.8
13;47;0;1;16250.9
13;48;0.04212;0.95788;14962.3
13;49;0.026015;0.973985;15049
13;50;0.0438871;0.956113;14386.7
13;51;0;1;14935.1
13;52;0;1;15040.8
13;53;0;1;15967.3
13;54;0;1;16948.1
13;55;0;1;17007.1
13;56;0;1;16715.8
13;57;0.0230131;0.976987;16356.2
13;58;5.55E-17;1;17232.5
13;59;5.55E-17;1;16776.1
13;60;0;1;16063.1
13;61;0;1;15204.3
13;62;0;1;15096.6
13;63;0.046297;0.953703;15051.7
13;64;0;1;14264.4
13;65;0;1;13700.2
13;66;0;1;13179.9
13;67;0.0306772;0.969323;13213
13;68;0;1;14789.9
13;69;0;1;16559.9
13;70;0;1;16860.8
13;71;0.0214988;0.978501;16892.1
13;72;0;1;16609.3
13;73;0;1;17996.2
13;74;0;1;18050.9
13;75;0;1;17474.1
13;76;0;1;17440.2
13;77;0;1;16641.1
13;78;5.55E-17;1;15101.3
13;79;0;1;14126.9
13;80;0;1;13413.8
13;81;0;1;14066.5
13;82;0.0121662;0.987834;17592.2
13;83;0;1;18773.7
13;84;0;1;19240
13;85;0;1;19126.5
13;86;0;1;18489.5
13;87;0;1;17369.7
13;88;0;1;16503.8
13;89;0;1;16127
13;90;0;1;15501.2
13;91;0;1;15911.4
13;92;0.0345469;0.965453;15476.5
13;93;0;1;15483.1
13;94;0;1;15609.5
13;95;0;1;14715.8
13;96;0.0470909;0.952909;14774.3
13;97;0;1;13854.1
13;98;0;1;13991.1
13;99;0;1;14728.5
13;100;0;1;13730.5
13;101;0.0578985;0.942102;11715.9
13;102;0.0474595;0.952541;13328.7
13;103;0;1;14853.1
13;104;0;1;14792.6
13;105;0;1;13606
13;106;0;1;13598.5
13;107;0;1;15131.8
13;108;0;1;15155.4
13;109;0;1;15212.3
13;110;0;1;15558.7
13;111;0;1;14653.4
13;112;0.0587352;0.941265;16747.5
13;113;0.0148121;0.985188;17766
13;114;0.0341102;0.96589;17863.9
13;115;0.04781;0.95219;16246.5
13;116;0;1;11434.6
13;117;0;1;9718.24
13;118;0.0237265;0.976274;9877.69
13;119;0;1;10115
13;120;0;1;10355.1
13;121;0.0571898;0.94281;10036
13;122;0;1;10224.6
13;123;0;1;10121.4
13;124;0;1;10171.9
13;125;0;1;10296.3
13;126;0;1;13235.8
13;127;0;1;15297.5
13;128;0;1;14977.3
13;129;0;1;14892
13;130;0;1;14895.2
13;131;0;1;16006.3
13;132;0.0391588;0.960841;15264.8
13;133;0.038094;0.961906;13037.6
13;134;0;1;9892.76
13;135;0.0112889;0.988711;9211.25
13;136;0;1;9236.23
13;137;0;1;10883.3
13;138;0;1;12244.7
13;139;0;1;13605.9
13;140;0;1;14534.6
13;141;0;1;15302.9
13;142;0;1;14956.5
13;143;0;1;14070.8
13;144;0;1;9773.01
13;145;0;1;8168.95
13;146;0;1;9178.06
13;147;0;1;9783.1
13;148;0;1;9240.63
13;149;0.0362414;0.963759;10590.9
13;150;0;1;11701.4
13;151;0.015863;0.984137;13531.9
13;152;0.032894;0.967106;13813.5
13;153;0;1;14160.4
13;154;0;1;15296.3
13;155;0.0582733;0.941727;16583.9
13;156;0.0522078;0.947792;16615.4
13;157;0.0236178;0.976382;15665
13;158;0;1;17525.1
13;159;0;1;17990.8
13;160;0.014904;0.985096;17531
13;161;0;1;16794.2
13;162;0;1;16539.9
13;163;0;1;14866.5
13;164;0;1;15251
13;165;0.0292539;0.970746;13757.4
13;166;0;1;14203.9
13;167;0;1;14769
13;168;0;1;14700
13;169;0;1;14961.7
13;170;5.55E-17;1;15008.3
13;171;0.0388472;0.961153;14997.1
13;172;0.0434588;0.956541;15991.5
13;173;0.0544051;0.945595;14955.7
13;174;0.008141;0.991859;14435.2
13;175;0.025534;0.974466;14228.9
13;176;0.019455;0.980545;13897.7
13;177;0;1;13602
13;178;0.0465057;0.953494;12399.4
13;179;0.000527299;0.999473;11334.1
13;180;0.0470129;0.952987;11194.4
13;181;0.017793;0.982207;11977.4
13;182;0;1;13465.4
13;183;0;1;15347.8
13;184;0.0332629;0.966737;17114.2
13;185;0;1;17299.7
13;186;0;1;17041
13;187;0;1;16026.1
13;188;0;1;15788.4
13;189;0;1;15381.8
13;190;0;1;14705.1
13;191;0.0127482;0.987252;15767.8
13;192;0;1;16987.2
13;193;0.0451466;0.954853;16170.1
13;194;0.0457;0.9543;15383.5
13;195;0;1;14427
13;196;0.0513336;0.948666;14644.9
13;197;0.0275778;0.972422;14273.6
13;198;0;1;15469.2
13;199;0;1;15707.2
13;200;0;1;15291.7
13;201;0;1;15214.7
13;202;0;1;15531.7
13;203;0;1;16316.7
13;204;0.00156393;0.998436;15688.5
13;205;0.0249021;0.975098;14042.1
13;206;0;1;13111.2
13;207;0.025569;0.974431;14806.2
13;208;0.011607;0.988393;16197.1
13;209;0;1;16875.3
13;210;0;1;16644.5
13;211;0;1;15368.4
13;212;0;1;14774.1
13;213;0.00242798;0.997572;14327.3
13;214;0;1;15137
13;215;0;1;15373.4
13;216;0.00845903;0.991541;16796.3
13;217;0.0312765;0.968724;17041.6
13;218;0.0250148;0.974985;16993
13;219;0.00699996;0.993;16416.2
13;220;0;1;13009.6
13;221;0;1;11479.6
13;222;5.55E-17;1;13207.6
13;223;0;1;14133.8
13;224;0;1;14332.7
13;225;0;1;14259.7
13;226;0;1;14047.3
13;227;0;1;13235.9
13;228;0;1;12017.9
13;229;0.0517393;0.948261;12692.8
13;230;0.051128;0.948872;12820.7
13;231;0;1;13848
13;232;0;1;14282.6
13;233;0;1;14988.9
13;234;0;1;14437.4
13;235;0;1;14617.8
13;236;0;1;15319.4
13;237;0;1;14771.7
13;238;0;1;12213.2
13;239;0.0300109;0.969989;11076.4
13;240;0;1;11796.3
13;241;0;1;12745.9
13;242;0;1;13100.2
13;243;0.025559;0.974441;13673.1
13;244;0;1;15260.4
13;245;0;1;16867.4
13;246;0;1;17065.4
13;247;0;1;16195.9
13;248;0;1;15700.6
13;249;0.0259087;0.974091;14777.2
13;250;0.0113013;0.988699;13863.3
13;251;0.0338257;0.966174;14448.3
13;252;0;1;14035
13;253;0;1;14140.6
13;254;0.00837323;0.991627;14228.8
13;255;0;1;14225.7
13;256;0.00997874;0.990021;13190.7
13;257;0;1;13388
13;258;0;1;13154.6
13;259;0.0560761;0.943924;12492
13;260;0.024375;0.975625;12152.7
13;261;0.00622629;0.993774;12777
13;262;0.0272549;0.972745;12629.8
13;263;0.015991;0.984009;11880
13;264;0.03471;0.96529;14574
13;265;0.017914;0.982086;16125.5
13;266;0.0570961;0.942904;16620.7
13;267;0;1;16765.9
13;268;0;1;16960.9
13;269;0;1;16276.8
13;270;0;1;15903.3
13;271;0;1;16744.1
13;272;0.000557067;0.999443;17276.2
13;273;0.0218885;0.978112;16839.1
13;274;0;1;16632.7
13;275;0;1;16176
13;276;0;1;15022.9
13;277;0;1;14349
13;278;0.0378564;0.962144;13977.9
13;279;0;1;13953
13;280;0;1;13368.2
13;281;0;1;13255.1
13;282;0;1;12272
13;283;0;1;11609.3
14;0;0;0;1709.25
14;1;0;0;1741.74
14;2;0;0;2140.29
14;3;0;0;2860.02
14;4;0;0;4482.36
14;5;0;1;5531.93
14;6;0;1;5677.11
14;7;0.024445;0.975555;5474
14;8;0;1;6703.37
14;9;0;1;8691.33
14;10;0;1;10161.5
14;11;0;1;11806.1
14;12;0;1;12418.8
14;13;0.043156;0.956844;11810.1
14;14;0;1;11157.3
14;15;0;1;10921.4
14;16;0;1;9588.94
14;17;0;1;9996.77
14;18;0;1;10956.2
14;19;0;1;13284.4
14;20;0;1;15586.3
14;21;0;1;15964.7
14;22;0;1;14268.3
14;23;0;1;13935.6
14;24;0;1;13774.2
14;25;0.0170145;0.982985;14162.5
14;26;0.0222096;0.97779;14677.7
14;27;0;1;14997.2
14;28;0.031094;0.968906;14862.5
14;29;0;1;14442.9
14;30;0;1;15965.5
14;31;0;1;16739.1
14;32;0;1;16181
14;33;0;1;16032.2
14;34;0;1;17103.8
14;35;0.013087;0.986913;16901.8
14;36;0;1;17427.6
14;37;0;1;17111.8
14;38;0.0194283;0.980572;16365.2
14;39;0.0545038;0.945496;16027.7
14;40;0.0519023;0.948098;14767.3
14;41;0;1;15008.2
14;42;0;1;13973.4
14;43;0.0367259;0.963274;12266
14;44;0;1;13078.6
14;45;0.0324693;0.967531;14232
14;46;0;1;13969.2
14;47;0.0572239;0.942776;13095.5
14;48;0;1;13532.4
14;49;0;1;14494
14;50;0;1;14947.2
14;51;0;1;14523.8
14;52;0.0148059;0.985194;15266.4
14;53;0.0494935;0.950507;17160.1
14;54;0;1;17921.9
14;55;0.0348869;0.965113;17602.3
14;56;0.0348522;0.965148;16921.6
14;57;0.0164868;0.983513;17484.2
14;58;0.0156256;0.984374;17539.2
14;59;0.0260098;0.97399;16781.2
14;60;0;1;16431.7
14;61;0;1;16792.6
14;62;0.0154187;0.984581;17764.2
14;63;0.0222008;0.977799;18617.4
14;64;0.0256576;0.974342;17778
14;65;0;1;17072.3
14;66;0;1;17213
14;67;0;1;16113.3
14;68;0.0239195;0.976081;16597.5
14;69;0;1;15852.8
14;70;0;1;15262.9
14;71;0;1;14867.4
14;72;0;1;14487.8
14;73;0;1;15766.7
14;74;0.0586369;0.941363;17455.6
14;75;0.0388434;0.961157;18180.7
14;76;0;1;18598.6
14;77;0;1;18816.7
14;78;0;1;18880.9
14;79;0;1;19048.9
14;80;0;1;18234.1
14;81;0;1;15968.7
14;82;0;1;15289.8
14;83;0;1;16211.9
14;84;0;1;17057.3
14;85;0;1;18131.9
14;86;0;1;17480.7
14;87;0;1;18021.2
14;88;0;1;17164.4
14;89;0.00779516;0.992205;17975.2
14;90;0.00832625;0.991674;17961.3
14;91;0;1;15860
14;92;0.014782;0.985218;13191.1
14;93;0;1;12402.9
14;94;0;1;13057.3
14;95;0;1;13088
14;96;0;1;13880.5
14;97;0;1;15413.8
14;98;5.55E-17;1;15263.9
14;99;0.0118002;0.9882;14962.7
14;100;0;1;13310.4
14;101;0;1;11475.9
14;102;0;1;11870.7
14;103;0;1;12761
14;104;0.008808;0.991192;12745.8
14;105;0.00492175;0.995078;11487.2
14;106;0;1;13938.3
14;107;0.00185711;0.998143;16251.6
14;108;0.00526483;0.994735;16987.4
14;109;0;1;16799.8
14;110;0;1;16420.3
14;111;0;1;16611.8
14;112;0;1;16228.6
14;113;0.0358811;0.964119;16194.4
14;114;0.0552312;0.944769;16403.9
14;115;0.00695197;0.993048;16580.1
14;116;0;1;15857
14;117;0;1;15261.4
14;118;0;1;15269.4
14;119;0;1;13165.9
14;120;0;1;11758
14;121;0;1;11963.4
14;122;0;1;12344.1
14;123;0;1;12307.1
14;124;0;1;13632.1
14;125;0;1;14882.3
14;126;0.0379669;0.962033;16064.2
14;127;0.024445;0.975555;16121.9
14;128;0;1;16478.5
14;129;0;1;15288.7
14;130;0;1;14674.8
14;131;0;1;15768.5
14;132;0.021119;0.978881;16254.7
14;133;0;1;15008.7
14;134;0;1;12137.4
14;135;0;1;12801.3
14;136;0;1;12902.4
14;137;0;1;13140.5
14;138;0;1;14874.1
14;139;0;1;15926.5
14;140;0;1;17476.1
14;141;0.0166557;0.983344;16591.6
14;142;0.0144668;0.985533;16598
14;143;0;1;15719.6
14;144;0;1;13528.7
14;145;0;1;10340.7
14;146;0.016415;0.983585;8751.28
14;147;0.000209669;0.99979;9758.02
14;148;0;1;12224.4
14;149;0;1;15343.2
14;150;0;1;16028.4
14;151;0;1;15511.2
14;152;0;1;15010.1
14;153;0;1;13729.7
14;154;0.0135202;0.98648;13104.1
14;155;0.019879;0.980121;14146.3
14;156;0;1;13174.5
14;157;0;1;12016.5
14;158;0;1;13451.3
14;159;0;1;14026.6
14;160;0.05046;0.94954;14669.3
14;161;0.010886;0.989114;16785.7
14;162;0.0415297;0.95847;17407.9
14;163;0;1;16567.2
14;164;0;1;15882.9
14;165;0.0518869;0.948113;13829.7
14;166;0.046797;0.953203;12759.4
14;167;0.012189;0.987811;12983.5
14;168;0.010058;0.989942;13239.3
14;169;0.023969;0.976031;13722.3
14;170;0.00519;0.99481;15261
14;171;0;1;15805.5
14;172;0.012939;0.987061;14798.2
14;173;0.000125;0.999875;13884.2
14;174;0;1;14161.9
14;175;0;1;14732.3
14;176;0;1;14759.4
14;177;5.55E-17;1;15324.8
14;178;0;1;14831.5
14;179;0;1;14870
14;180;0;1;13251.5
14;181;0;1;12548.5
14;182;0.0167393;0.983261;13687
14;183;0.041494;0.958506;14859.2
14;184;0.014218;0.985782;15540.4
14;185;0;1;15021.4
14;186;0;1;16295.4
14;187;0;1;16723.9
14;188;0;1;16206.2
14;189;0;1;15849.7
14;190;0;1;14419.6
14;191;0;1;14676.6
14;192;0;1;14910.1
14;193;0.0525087;0.947491;14069.5
14;194;0.007501;0.992499;13941
14;195;0.001706;0.998294;14008.2
14;196;0;1;13114.7
14;197;0;1;14311.4
14;198;0;1;16702.7
14;199;0.00651187;0.993488;17685.9
14;200;0;1;17308.3
14;201;0;1;16316.3
14;202;0;1;16589.6
14;203;0;1;16349.5
14;204;0.055661;0.944339;14698.1
14;205;0.0343753;0.965625;13045.9
14;206;0.0384771;0.961523;11479.8
14;207;0;1;11843.4
14;208;0.006555;0.993445;12551.5
14;209;0;1;14399
14;210;0;1;15761.7
14;211;0;1;16522.8
14;212;0.0400307;0.959969;16320.9
14;213;0.0451982;0.954802;16319.1
14;214;0;1;17947.6
14;215;0.0542057;0.945794;17151
14;216;0;1;16980.5
14;217;0;1;15600.2
14;218;0.0204551;0.979545;14678.1
14;219;0;1;15104.8
14;220;0.00757205;0.992428;15261.5
14;221;0.00925501;0.990745;14811.7
14;222;0.012636;0.987364;14651.2
14;223;0;1;15157.2
14;224;0;1;15130.9
14;225;0.018044;0.981956;15125.1
14;226;0.02136;0.97864;15830.6
14;227;0;1;14810.2
14;228;0;1;14709.5
14;229;0;1;14631.8
14;230;0;1;14018.8
14;231;0.0122571;0.987743;12384.9
14;232;0.006352;0.993648;12802.2
14;233;0;1;14252.1
14;234;0.007977;0.992023;16240.6
14;235;0.057691;0.942309;16843
14;236;0.052134;0.947866;17044.7
14;237;0.045588;0.954412;16365.9
14;238;0.009952;0.990048;14361.3
14;239;0;1;12426.4
14;240;0;1;12095.4
14;241;0.0288224;0.971178;11593
14;242;0.0100912;0.989909;11810.4
14;243;0.0576787;0.942321;12237.9
14;244;0.050259;0.949741;13899.3
14;245;0;1;15083.8
14;246;0;1;14056
14;247;0.0319919;0.968008;12550.6
14;248;0;1;13126.1
14;249;0.00335506;0.996645;13565.3
14;250;0.0593711;0.940629;13176.8
14;251;0.01197;0.98803;12467.8
14;252;0.029636;0.970364;11815.8
14;253;0;1;13158.5
14;254;0.0259092;0.974091;14053.3
14;255;0;1;14339.7
14;256;0;1;13936
14;257;0.00667253;0.993327;14741.2
14;258;0.0168898;0.98311;15074.1
14;259;0;1;14059.4
14;260;0;1;13258.4
14;261;0;1;12359.5
14;262;0;1;14059.7
14;263;0;1;14801.5
14;264;0.003653;0.996347;15359.7
14;265;0;1;14880.3
14;266;0.0563557;0.943644;14842.9
14;267;0;1;14766.5
14;268;0;1;15103.8
14;269;0;1;13721.3
14;270;0.0158965;0.984103;13340
14;271;0;1;14809.8
14;272;0;1;15253.1
14;273;0;1;15545.7
14;274;0.0519888;0.948011;15668.3
14;275;0;1;14685
14;276;0.0492257;0.950774;13970.6
14;277;0.0155609;0.984439;15650.6
14;278;0;1;16084.1
14;279;0.0523828;0.947617;16918.8
14;280;0.0560979;0.943902;15880.8
14;281;0.0268828;0.973117;16234.4
14;282;0;1;14926.6
14;283;0;1;13952.7
15;0;0;0;1898.29
15;1;0;0;1681.18
15;2;0;0;2041.23
15;3;0;0;2306.57
15;4;0;0;2789.1
15;5;0;0;3177.18
15;6;0;0;3827.15
15;7;0;1;6208.52
15;8;5.55E-17;1;9768.37
15;9;5.55E-17;1;12259.4
15;10;0;1;13960.3
15;11;0;1;14007.5
15;12;0;1;12789.6
15;13;0;1;12421.8
15;14;5.55E-17;1;14184.6
15;15;0;1;16225.2
15;16;5.55E-17;1;16564.8
15;17;0;1;16731.7
15;18;0;1;17205.5
15;19;0;1;18294.1
15;20;0;1;18749.2
15;21;0.0454908;0.954509;18297.8
15;22;0;1;16777.2
15;23;0;1;16657.5
15;24;0;1;16532.3
15;25;0;1;15639.6
15;26;0;1;14936
15;27;0;1;15854.6
15;28;0;1;16911.8
15;29;0.00219512;0.997805;17371.6
15;30;0.0450547;0.954945;17661.4
15;31;0.0431975;0.956803;18720.3
15;32;0;1;18118.6
15;33;0;1;18301.3
15;34;0;1;17608.2
15;35;0.010469;0.989531;15943.3
15;36;0;1;16397.9
15;37;0;1;15754.1
15;38;0;1;14958.6
15;39;0;1;16334.8
15;40;0;1;16391.6
15;41;0;1;17816.9
15;42;0;1;18399.7
15;43;0;1;18247
15;44;0.0414198;0.95858;17719.4
15;45;0.00286565;0.997134;17203.4
15;46;0;1;15517.7
15;47;5.55E-17;1;15798.2
15;48;0;1;15600.7
15;49;0;1;14930.3
15;50;0;1;14641.8
15;51;0;1;15665.6
15;52;0.0180915;0.981908;16712.3
15;53;0.001858;0.998142;17062.7
15;54;0;1;15964
15;55;0;1;15127.6
15;56;0;1;14360.4
15;57;0.006395;0.993605;14135.6
15;58;0;1;15094.5
15;59;0;1;16201.5
15;60;0;1;16156.7
15;61;0;1;16859.1
15;62;0;1;16528.7
15;63;0;1;16913.5
15;64;0;1;15734.8
15;65;0;1;15315.8
15;66;0;1;14587.4
15;67;0;1;14336.9
15;68;0;1;14184.7
15;69;0;1;14935.7
15;70;0;1;15829.4
15;71;0.0354878;0.964512;16206.1
15;72;0.0305308;0.969469;15915.3
15;73;0.0150363;0.984964;16817.1
15;74;0.0502922;0.949708;17081.8
15;75;0.01934;0.98066;17208.9
15;76;0;1;16890.1
15;77;0;1;14904.6
15;78;0;1;14710.8
15;79;0;1;16292.1
15;80;0;1;17731
15;81;0.00637845;0.993622;18173.4
15;82;0;1;17230.8
15;83;0;1;17754.6
15;84;0;1;18533.4
15;85;0;1;18278.5
15;86;0;1;18068.9
15;87;0;1;18848.2
15;88;0.00507733;0.994923;18456
15;89;0.0261439;0.973856;19646.4
15;90;0.0290519;0.970948;20211.4
15;91;0.0105017;0.989498;19006.4
15;92;0.0350218;0.964978;17888.4
15;93;0;1;14021.3
15;94;0;1;13212.3
15;95;0;1;14657.3
15;96;0;1;15567.1
15;97;0.0585944;0.941406;16781.6
15;98;0;1;15208.7
15;99;0.014589;0.985411;13772.8
15;100;0.02697;0.97303;13156.1
15;101;0;1;10808
15;102;0;1;10549.5
15;103;0;1;10810
15;104;0;1;10589.7
15;105;0;1;10233
15;106;0;1;12171.3
15;107;0;1;14707.1
15;108;0;1;14933.7
15;109;0;1;14111.4
15;110;0;1;14218.5
15;111;0;1;14095.4
15;112;0;1;14777.5
15;113;0.058244;0.941756;15521.7
15;114;0;1;16580.2
15;115;0;1;17091.7
15;116;0;1;17885.8
15;117;5.55E-17;1;18114.3
15;118;0;1;18170.7
15;119;0;1;17205.1
15;120;0;1;17106.2
15;121;0;1;17521.3
15;122;0;1;17186.4
15;123;0;1;17871.4
15;124;5.55E-17;1;18919.2
15;125;0;1;19626
15;126;0.00724078;0.992759;19335.9
15;127;0.0285928;0.971407;18441.4
15;128;0.0396077;0.960392;17864.9
15;129;0.0508475;0.949153;16779.1
15;130;0.0404242;0.959576;14245.7
15;131;0;1;16550.2
15;132;0.0189348;0.981065;17748.3
15;133;0.0177116;0.982288;18386.2
15;134;0;1;18151.8
15;135;0;1;18580.6
15;136;0;1;18998.5
15;137;0;1;18283
15;138;0;1;17787.8
15;139;0.027288;0.972712;14264.6
15;140;0;1;14216.6
15;141;0.034634;0.965366;15266.6
15;142;0.0521965;0.947804;15704.4
15;143;0.01666;0.98334;16820.9
15;144;0;1;17975
15;145;0;1;15482.3
15;146;0;1;13415.6
15;147;0.0479025;0.952097;11232.2
15;148;0;1;10198.3
15;149;0;1;12296.9
15;150;0;1;12831.5
15;151;0;1;12650.2
15;152;0;1;14444.4
15;153;0.040526;0.959474;15656.8
15;154;0.0482355;0.951764;15405.3
15;155;0.036353;0.963647;16101.2
15;156;0.0217554;0.978245;15395.7
15;157;0.020575;0.979425;15048.6
15;158;0.0143956;0.985604;14198.5
15;159;0;1;12322.4
15;160;0;1;13807
15;161;0.047649;0.952351;15816.2
15;162;0.057095;0.942905;15498.1
15;163;0.024867;0.975133;15360.3
15;164;0.006734;0.993266;14969.7
15;165;0.006294;0.993706;15286.5
15;166;0.022334;0.977666;14458
15;167;0.00729;0.99271;13852.6
15;168;0.008124;0.991876;14326.5
15;169;0.002209;0.997791;15089.4
15;170;0.01958;0.98042;15252.2
15;171;0.026271;0.973729;13398.3
15;172;0.002415;0.997585;12696.1
15;173;0.017237;0.982763;12367.8
15;174;0;1;12444
15;175;0.0572786;0.942721;12928.6
15;176;0;1;13409.9
15;177;0.0518173;0.948183;14643.1
15;178;0.0557524;0.944248;15386.4
15;179;0;1;16164.5
15;180;0.011577;0.988423;14746.9
15;181;0.043982;0.956018;14180.4
15;182;0.042242;0.957758;14504.9
15;183;0;1;14302.9
15;184;0;1;13735.8
15;185;0.0326338;0.967366;13693.2
15;186;0;1;13246.2
15;187;0.005555;0.994445;12633.9
15;188;0.007804;0.992196;12768
15;189;0;1;13052
15;190;0.0228249;0.977175;12680.7
15;191;0.0167229;0.983277;11681.3
15;192;0.0056;0.9944;10918.3
15;193;0;1;12341.2
15;194;0.0502641;0.949736;13952.3
15;195;0.0382251;0.961775;14793.7
15;196;0.0307597;0.96924;14497.4
15;197;0.0184552;0.981545;14425.6
15;198;0.0577767;0.942223;14058.8
15;199;0;1;14394.1
15;200;0.001715;0.998285;14552.9
15;201;0;1;14709.1
15;202;0.0513587;0.948641;14656.6
15;203;0;1;14030.5
15;204;0.0144631;0.985537;14178.1
15;205;0;1;15704.7
15;206;0;1;15597.5
15;207;0;1;14185.9
15;208;0;1;11833.9
15;209;0;1;12678.2
15;210;0.0559237;0.944076;12118.6
15;211;0;1;12231.5
15;212;0;1;12924.7
15;213;0;1;13343
15;214;0.036373;0.963627;15250.1
15;215;0.021943;0.978057;16305.9
15;216;0.0521554;0.947845;17364.6
15;217;0.00255388;0.997446;16223.4
15;218;0;1;14631
15;219;0.0595653;0.940435;14043.6
15;220;0;1;15216.2
15;221;0.0501625;0.949837;16130.1
15;222;0.0180668;0.981933;15843.3
15;223;0;1;16391.5
15;224;0.0280463;0.971954;15551.1
15;225;0.0447361;0.955264;15276.7
15;226;0;1;15591.1
15;227;0.015918;0.984082;14166.6
15;228;0;1;12514.2
15;229;0.004681;0.995319;11605.5
15;230;0.048419;0.951581;12811.1
15;231;0.0456175;0.954383;13583.9
15;232;0;1;14279.7
15;233;0;1;14554.3
15;234;0.033313;0.966687;14629
15;235;0;1;15081
15;236;0;1;15694.9
15;237;0;1;15941.4
15;238;0.0362585;0.963742;16481.1
15;239;0.00657072;0.993429;15740.6
15;240;5.55E-17;1;13697.7
15;241;0;1;13126.1
15;242;0;1;14416.1
15;243;0.0321812;0.967819;14511.3
15;244;0.019827;0.980173;14873
15;245;0.00412723;0.995873;15302.2
15;246;0.00771029;0.99229;13913.7
15;247;0;1;12213.5
15;248;0.0321851;0.967815;13830.5
15;249;0.0372122;0.962788;15296.5
15;250;0.0297762;0.970224;14571.8
15;251;0;1;13719.9
15;252;0;1;11090.5
15;253;0;1;12015.9
15;254;0.0509734;0.949027;15848.1
15;255;0.0567841;0.943216;17185.5
15;256;0.0303422;0.969658;17690.8
15;257;0;1;18479.8
15;258;0;1;18453.1
15;259;0;1;18787.2
15;260;0;1;18922.1
15;261;0;1;18624.3
15;262;0.0381026;0.961897;17927.7
15;263;0;1;17735.8
15;264;0;1;16178.2
15;265;0.0296944;0.970306;13704.2
15;266;0.00424329;0.995757;13330.5
15;267;0;1;12850.4
15;268;0;1;13324.9
15;269;0;1;13549.5
15;270;0.0228042;0.977196;13757
15;271;0;1;14119.7
15;272;0;1;14440.7
15;273;0;1;15973.3
15;274;0;1;16349.4
15;275;0;1;16018.9
15;276;0;1;12952.7
15;277;0.0434374;0.956563;12651
15;278;0.00477;0.99523;13174.7
15;279;0;1;13176.8
15;280;0;1;13339.1
15;281;0.0355216;0.964478;13687.7
15;282;0.00906956;0.99093;12508.4
15;283;0.0116459;0.988354;11853.9
16;0;0;0;1944.53
16;1;0;0;1956.83
16;2;0;0;2662.65
16;3;0;1;6190.27
16;4;0;1;7819.92
16;5;0;1;7295.43
16;6;0;1;4347.8
16;7;0.023145;0.976855;4514.61
16;8;0;1;6127.38
16;9;0;1;6957.21
16;10;0.0380506;0.961949;9459.12
16;11;0;1;13311.6
16;12;0;1;15087.5
16;13;0;1;14478.6
16;14;0.0283139;0.971686;15505
16;15;0;1;16234.2
16;16;0;1;17182.7
16;17;0;1;17271.9
16;18;0;1;17461.2
16;19;0;1;17408.5
16;20;0;1;16715
16;21;0;1;14580.3
16;22;0;1;17154.1
16;23;0;1;19280.9
16;24;0;1;19416.6
16;25;0.0490119;0.950988;17886.3
16;26;0;1;15752.5
16;27;0;1;16000.6
16;28;0.015575;0.984425;16528.1
16;29;0.0436177;0.956382;17777
16;30;0;1;17834.9
16;31;0;1;18464.4
16;32;0;1;19528.7
16;33;0;1;19587.8
16;34;0;1;18176.5
16;35;0.025226;0.974774;16980.2
16;36;0.008068;0.991932;16522.8
16;37;5.55E-17;1;16424.9
16;38;0;1;16291.6
16;39;0.0172774;0.982723;16942.2
16;40;0.0532072;0.946793;18002.4
16;41;0;1;18822.2
16;42;0;1;19662.5
16;43;0;1;20691.2
16;44;0;1;20459.5
16;45;0;1;19994.9
16;46;0;1;19885.6
16;47;0.0513972;0.948603;20313.3
16;48;0;1;19805
16;49;5.55E-17;1;18310.1
16;50;0;1;19013.8
16;51;0;1;18972.5
16;52;0.0375514;0.962449;20504.8
16;53;0;1;19810
16;54;0;1;18482.5
16;55;0;1;15755.2
16;56;0;1;14335.1
16;57;0;1;14471.8
16;58;0.007012;0.992988;15427.3
16;59;0.0467588;0.953241;16720.8
16;60;0.0165244;0.983476;17263.5
16;61;0.0220999;0.9779;17076.2
16;62;0.0166932;0.983307;15934.6
16;63;0;1;16097.9
16;64;0.00411498;0.995885;16105.3
16;65;0;1;15818.4
16;66;0;1;16908.6
16;67;0;1;18051.3
16;68;0;1;18784.4
16;69;0;1;19311.5
16;70;0;1;18471.8
16;71;0.0174277;0.982572;18607.4
16;72;0.00127351;0.998726;18383
16;73;0.0157156;0.984284;17632
16;74;0.0253226;0.974677;17804.4
16;75;0.0352723;0.964728;17087.9
16;76;0;1;16530.4
16;77;0;1;14041.8
16;78;0;1;14595.5
16;79;0;1;16756.7
16;80;0;1;18373.3
16;81;0;1;17512
16;82;0;1;16685.8
16;83;0;1;17340.2
16;84;0.0171607;0.982839;17786.3
16;85;0;1;18286.4
16;86;0;1;18262.3
16;87;0;1;18711.2
16;88;0.0479967;0.952003;17944
16;89;0;1;16801.9
16;90;0;1;16733.7
16;91;0.016358;0.983642;16482.5
16;92;0;1;16844.2
16;93;0.0118939;0.988106;16964.7
16;94;0;1;17436.4
16;95;0;1;18232.7
16;96;0;1;17245
16;97;0;1;15852.1
16;98;0;1;14903.4
16;99;0;1;13947.9
16;100;0.00915735;0.990843;13296.3
16;101;5.55E-17;1;14183.2
16;102;0;1;16179.7
16;103;0;1;17069.6
16;104;5.55E-17;1;17537
16;105;0;1;16240.3
16;106;0;1;15862.2
16;107;0;1;15902.8
16;108;0;1;13331.3
16;109;0;1;12339.2
16;110;0.0321775;0.967822;12073.9
16;111;0;1;11687.9
16;112;0;1;13574.7
16;113;0;1;15341.6
16;114;0;1;15079.7
16;115;0.0523969;0.947603;16588.5
16;116;0;1;17207.2
16;117;0;1;17160.1
16;118;0.0412998;0.9587;17338.4
16;119;0.0427554;0.957245;17804.1
16;120;0;1;17641.2
16;121;0;1;17142.7
16;122;0;1;15605.1
16;123;0;1;16855.4
16;124;0.044869;0.955131;18662.5
16;125;0;1;19209.9
16;126;0.000455;0.999545;18655.6
16;127;0;1;18176.3
16;128;0;1;17563.9
16;129;0;1;15625.4
16;130;0.00845415;0.991546;14217.9
16;131;0;1;14495.3
16;132;0.029536;0.970464;14574.6
16;133;0;1;16193.3
16;134;0;1;17460.7
16;135;0;1;18510.4
16;136;0;1;17622.4
16;137;0.016857;0.983143;15316.1
16;138;0;1;15380.4
16;139;0.00305402;0.996946;14989.2
16;140;0;1;14694.7
16;141;0;1;15291
16;142;0;1;14993
16;143;0.0364059;0.963594;16232.9
16;144;0;1;16736.1
16;145;0;1;16528.1
16;146;0.000651034;0.999349;15928.2
16;147;0;1;16228.5
16;148;5.55E-17;1;15886
16;149;0;1;16594.1
16;150;0;1;17461.4
16;151;0;1;17470.4
16;152;0.0132726;0.986727;18074.7
16;153;0.044269;0.955731;19279.9
16;154;0.0398861;0.960114;18582.9
16;155;0.0259098;0.97409;18504.3
16;156;0;1;18281.2
16;157;0.00733247;0.992668;17370.6
16;158;0.0360751;0.963925;14681.5
16;159;0.0367803;0.96322;12931.2
16;160;0.0324114;0.967589;13877.5
16;161;0.0583276;0.941672;14612.8
16;162;0;1;13728.6
16;163;0.0578331;0.942167;13598.6
16;164;0.0428508;0.957149;13592.9
16;165;0;1;14879.3
16;166;0;1;16064.3
16;167;0;1;15360.9
16;168;0;1;13904.3
16;169;0.043569;0.956431;13614.6
16;170;0.058022;0.941978;14623.1
16;171;0;1;14675.2
16;172;0.0126639;0.987336;15127
16;173;0.0200254;0.979975;14937.6
16;174;0.00588999;0.99411;14005.4
16;175;0;1;13172.8
16;176;0;1;11716.2
16;177;0;1;11790.1
16;178;0;1;13881.9
16;179;0.00656211;0.993438;15536.2
16;180;0;1;16525.7
16;181;0;1;16054
16;182;0;1;15377.5
16;183;0;1;16766.1
16;184;0;1;16392.3
16;185;0;1;15113.6
16;186;0;1;14636.3
16;187;0;1;13511.2
16;188;0.0165351;0.983465;12048.3
16;189;0.055123;0.944877;11099.3
16;190;0;1;11219.2
16;191;0.008594;0.991406;11538.9
16;192;0.0555037;0.944496;12548.8
16;193;0.0120052;0.987995;15371.7
16;194;0.0277917;0.972208;16868.8
16;195;0.0437855;0.956214;17584.2
16;196;0.0287461;0.971254;18597
16;197;0;1;18800.9
16;198;0;1;17968.1
16;199;5.55E-17;1;16587.3
16;200;0;1;16347.3
16;201;0;1;15634.7
16;202;0;1;15458.2
16;203;0;1;14997
16;204;0.0389238;0.961076;14461.5
16;205;0.0554388;0.944561;16538.1
16;206;0.0333697;0.96663;16615.1
16;207;0.0101932;0.989807;16700.9
16;208;0;1;16472
16;209;0;1;16816.1
16;210;0;1;15841
16;211;0;1;16033
16;212;0;1;16143
16;213;0;1;15356.3
16;214;0;1;14354.6
16;215;0;1;13673.5
16;216;0;1;13550.1
16;217;0;1;12742.3
16;218;0.0538102;0.94619;12977.9
16;219;0.0297303;0.97027;14267.5
16;220;0;1;15295.5
16;221;0.0179672;0.982033;14374.9
16;222;0.0385671;0.961433;13783.6
16;223;0;1;14174.4
16;224;0.046268;0.953732;14369.5
16;225;0.0452621;0.954738;14644.3
16;226;0;1;15070.1
16;227;0.0348203;0.96518;16000.7
16;228;0;1;15634.1
16;229;0;1;14714
16;230;5.55E-17;1;13688.5
16;231;0.0453769;0.954623;13354.5
16;232;0;1;13020.4
16;233;0;1;12146.9
16;234;0.0490833;0.950917;12541.2
16;235;0.0504364;0.949564;14128.9
16;236;0.0273798;0.97262;14736
16;237;0.0128963;0.987104;14901.5
16;238;0.0337389;0.966261;15105.7
16;239;0.0528324;0.947168;14822.8
16;240;0;1;14414.4
16;241;0;1;15734.1
16;242;0;1;15337.9
16;243;0.0197277;0.980272;14075
16;244;0;1;13153.7
16;245;0;1;13215.1
16;246;0;1;12180.8
16;247;0;1;12328.8
16;248;0.0312176;0.968782;13519.2
16;249;0.0419259;0.958074;14886
16;250;0.0371913;0.962809;14094.4
16;251;0.0196973;0.980303;13634
16;252;0;1;11186.5
16;253;0;1;13358.6
16;254;0.005596;0.994404;16625.5
16;255;0;1;17593.2
16;256;0.0572514;0.942749;17491.3
16;257;0;1;17393.7
16;258;0;1;17778.4
16;259;0;1;19147.7
16;260;0;1;19727.7
16;261;0;1;19612.2
16;262;0;1;19220.9
16;263;0.0516962;0.948304;18536
16;264;0.0232446;0.976755;17288
16;265;0;1;14462
16;266;0;1;11980.3
16;267;0.0414935;0.958506;12095
16;268;0;1;13690.5
16;269;0;1;14742.6
16;270;0.046449;0.953551;14550.7
16;271;0.0257443;0.974256;15148.9
16;272;0.0579287;0.942071;16257.6
16;273;0;1;17597.7
16;274;0;1;17504.6
16;275;0.00443936;0.995561;16504.4
16;276;0;1;13785.1
16;277;0;1;10855
16;278;0;1;10018.3
16;279;0;1;10553.7
16;280;0;1;12207.6
16;281;0;1;12822.4
16;282;0;1;12205
16;283;0;1;11234.6
